-- DESARROLLO V 1.1.5

-- --------------------------------------------------------
-- Table `accounts_roles`

CREATE TABLE `accounts_roles` (
  `id` tinyint(3) UNSIGNED NOT NULL PRIMARY KEY AUTO_INCREMENT,
  `label` varchar(50) NOT NULL
) ENGINE=InnoDB DEFAULT CHARSET=latin1 COLLATE=latin1_swedish_ci;

INSERT INTO `accounts_roles` (`id`, `label`) VALUES
(1, 'Super Admin'),
(2, 'Admin'),
(3, 'Broker'),
(4, 'Mantenimiento'),
(5, 'Cobrador');

-- --------------------------------------------------------
-- Table `accounts`

CREATE TABLE `accounts` (
  `id` smallint(5) UNSIGNED NOT NULL PRIMARY KEY AUTO_INCREMENT,
  `names` varchar(100) NOT NULL,
  `surnames` varchar(100) NOT NULL,
  `email` varchar(100) NOT NULL,
  `password` varchar(255) NOT NULL,
  `role` tinyint(3) UNSIGNED NOT NULL,
  `active` tinyint(1) UNSIGNED NOT NULL DEFAULT 1,
  `created` date NOT NULL,
  `updated` date NOT NULL DEFAULT current_timestamp(),
  FOREIGN KEY (`role`) REFERENCES accounts_roles (`id`)
) ENGINE=InnoDB DEFAULT CHARSET=latin1 COLLATE=latin1_swedish_ci;

INSERT INTO `accounts` (`id`, `names`, `surnames`, `email`, `password`, `role`, `active`, `created`, `updated`) VALUES
(1, 'Romeo', 'Marquez', 'romeo@gelattina.com', '$2y$10$W3hVJv7BbaUSkMWQNTthU.5ddteLP9wGMqFD8gYETav7OAG2EDnhu', 1, 1, '2023-09-13', '2024-01-17'),
(2, 'Yolanda', 'Maltos', 'yolanda@gelattina.com', '$2y$10$W3hVJv7BbaUSkMWQNTthU.5ddteLP9wGMqFD8gYETav7OAG2EDnhu', 1, 1, '2024-06-17', '2024-06-17');

-- --------------------------------------------------------
-- Table `properties_types`

CREATE TABLE `properties_types` (
  `id` tinyint(3) UNSIGNED NOT NULL PRIMARY KEY AUTO_INCREMENT,
  `label` varchar(50) NOT NULL
) ENGINE=InnoDB DEFAULT CHARSET=latin1 COLLATE=latin1_swedish_ci;

INSERT INTO `properties_types` (`id`, `label`) VALUES
(1, 'Casa'),
(2, 'Departamento'),
(3, 'Local'),
(4, 'Oficina');

-- --------------------------------------------------------
-- Table `properties_status`

CREATE TABLE `properties_status` (
  `id` tinyint(3) UNSIGNED NOT NULL PRIMARY KEY AUTO_INCREMENT,
  `label` varchar(50) NOT NULL
) ENGINE=InnoDB DEFAULT CHARSET=latin1 COLLATE=latin1_swedish_ci;

INSERT INTO `properties_status` (`id`, `label`) VALUES
(1, 'En Venta'),
(2, 'En Renta'),
(3, 'Rentada'),
(4, 'Vendida'),
(5, 'En Reparación'),
(6, 'Reparada');

-- --------------------------------------------------------
-- Table `groups_types`

CREATE TABLE `groups_types` (
  `id` tinyint(3) UNSIGNED NOT NULL PRIMARY KEY AUTO_INCREMENT,
  `label` varchar(50) NOT NULL
) ENGINE=InnoDB DEFAULT CHARSET=latin1 COLLATE=latin1_swedish_ci;

INSERT INTO `groups_types` (`id`, `label`) VALUES
(1, ''),
(2, 'Edificio'),
(3, 'Mixto'),
(4, 'Comercial'),
(5, 'Oficina'),
(6, 'Casa aislada'),
(7, 'Departamento Aislado');

-- --------------------------------------------------------
-- Table `properties_groups`

CREATE TABLE `properties_groups` (
  `id` smallint(5) UNSIGNED NOT NULL PRIMARY KEY AUTO_INCREMENT,
  `type` tinyint(3) UNSIGNED NOT NULL,
  `title` varchar(50) NOT NULL,
  `description` varchar(255) NOT NULL,
  `address` varchar(150) NOT NULL,
  `active` tinyint(1) UNSIGNED NOT NULL DEFAULT 1,
  FOREIGN KEY (`type`) REFERENCES groups_types (`id`)
) ENGINE=InnoDB DEFAULT CHARSET=latin1 COLLATE=latin1_swedish_ci;

INSERT INTO `properties_groups` (`id`, `type`, `title`, `description`, `address`, `active`) VALUES 
(4, 3, 'San Salvador', '', 'San Salvador 312', 1), 
(5, 3, 'Passport', '', 'Paseo de los Leones 608', 1), 
(6, 2, 'Distrito', '', 'Distrito b 8', 1), 
(7, 4, 'Taller Mecánico', 'Local preparado para taller', 'Paseo de los Leones 1920', 1), 
(8, 5, 'Las Torreones', 'Twin offices', 'Torreon 327', 1), 
(9, 7, 'Independientes', '', 'Varios', 1), 
(10, 6, 'San Antonio', '', 'Varios', 1), 
(11, 5, 'Bodega+', '', 'Golfo de México', 1);

-- --------------------------------------------------------
-- Table `properties`

CREATE TABLE `properties` (
  `id` smallint(5) UNSIGNED NOT NULL PRIMARY KEY AUTO_INCREMENT,
  `type` tinyint(3) UNSIGNED NOT NULL,
  `status` tinyint(3) UNSIGNED NOT NULL,
  `group` smallint(5) UNSIGNED NOT NULL DEFAULT 0,
  `title` varchar(50) NOT NULL,
  `description` varchar(255) NOT NULL,
  `active` tinyint(1) UNSIGNED NOT NULL DEFAULT 1,
  FOREIGN KEY (`type`) REFERENCES properties_types (`id`),
  FOREIGN KEY (`status`) REFERENCES properties_status (`id`),
  FOREIGN KEY (`group`) REFERENCES properties_groups (`id`)
) ENGINE=InnoDB DEFAULT CHARSET=latin1 COLLATE=latin1_swedish_ci;

INSERT INTO `properties` (`id`, `type`, `status`, `group`, `title`, `description`, `active`) VALUES 
(23, 2, 3, 4, '312-B', 'Piso superior completo', 1), 
(24, 2, 3, 4, '312-C', 'Depa pequeño', 1), 
(25, 3, 3, 5, 'Local Restaurante', 'Local preparado para restaurante', 1), 
(26, 2, 3, 5, 'Passport 2-1', 'Departamento de 1 recámara', 1), 
(27, 3, 3, 7, 'Taller Mecánico', 'Taller Mecánico', 1), 
(28, 2, 3, 6, 'Distrito 1-1', 'Departamento studio', 1), 
(29, 4, 3, 8, '327', 'Oficina dos pisos', 1), 
(30, 4, 3, 8, '331', 'Oficina dos pisos', 1), 
(31, 4, 3, 4, '312-A', 'Oficina de 1 piso', 1), 
(32, 2, 3, 9, 'Condesa', 'Departamento en edificio', 1), 
(33, 2, 3, 9, 'Xilofactos', 'Departamento en edificio', 1), 
(34, 4, 2, 11, 'Golfo 1', 'Oficina multiniveles', 1), 
(35, 4, 2, 11, 'Golfo 2', 'Oficina multiniveles', 1), 
(36, 4, 2, 11, 'Mar caribe', 'Oficina multiniveles', 1), 
(37, 2, 3, 6, 'Distrito 1-2 ', 'estudio', 1), 
(38, 2, 3, 6, 'Distrito 1-3 (falta contrato)', '', 1), 
(39, 2, 3, 6, 'Distrito 1-4', '', 1), 
(40, 2, 3, 6, 'Distrito 1-5', '', 1), 
(41, 2, 3, 6, 'Distrito 2-1 (pendiente cerrar contrato y poner nu', '', 1), 
(42, 2, 3, 6, 'Distrito 2-2', '', 1), 
(43, 2, 3, 6, 'Distrito 2-3', '', 1), 
(44, 2, 3, 6, 'Distrito 2-4', '', 1), 
(45, 2, 3, 6, 'Distrito 2-5 (falta contrato)', '', 1), 
(46, 2, 3, 6, 'Distrito 2-6', '', 1), 
(47, 2, 3, 6, 'Distrito 3-1 (vencido luis mtz)', '', 1), 
(48, 2, 3, 6, 'Distrito 3-2', '', 1), 
(49, 2, 3, 6, 'Distrito 3-3', '', 1), 
(50, 2, 3, 6, 'Distrito 3-4', '', 1), 
(51, 2, 3, 6, 'Distrito 3-5', '', 1), 
(52, 2, 3, 6, 'Distrito 3-6', '', 1), 
(53, 2, 3, 6, 'Distrito 4-1', '', 1), 
(54, 2, 3, 6, 'Distrito 4-2', '', 1), 
(55, 2, 3, 6, 'Distrito 4-3', '', 1), 
(56, 2, 3, 6, 'Distrito 4-4', '', 1), 
(57, 2, 3, 6, 'Distrito 4-5', '', 1), 
(58, 2, 3, 6, 'Distrito 4-6', '', 1), 
(59, 2, 2, 5, 'Passport 2-2 (libre)', '', 1), 
(60, 2, 3, 5, 'Passport 2-3 (cancelacion anticipada/ nuevo comtra', '', 1), 
(61, 2, 3, 5, 'Passport 2-4', '', 1), 
(62, 2, 3, 5, 'Passport 2-5', '', 1), 
(63, 2, 3, 5, 'Passport 2-6', '', 1), 
(64, 2, 3, 5, 'Passport 2-7', '', 1), 
(65, 2, 3, 5, 'Passport 2-8(cancelacion anticipada/ nuevo comtrat', '', 1), 
(66, 2, 3, 5, 'Passport 3-1', '', 1), 
(67, 2, 3, 5, 'Passport 3-2 ( 1 mea covacha)', '', 1), 
(68, 2, 3, 5, 'Passport 3-3', '', 1), 
(69, 2, 3, 5, 'Passport 3-4', '', 1), 
(70, 2, 3, 5, 'Passport 3-5', '', 1), 
(71, 2, 3, 5, 'Passport 3-6', '', 1), 
(72, 2, 3, 5, 'Passport 3-7', '', 1), 
(73, 2, 3, 5, 'Passport 3-8', '', 1), 
(74, 2, 3, 5, 'Passport 3-9', '', 1), 
(75, 2, 3, 5, 'Passport 3-10', '', 1), 
(76, 2, 3, 5, 'Passport 3-11', '', 1), 
(77, 2, 3, 5, 'Passport 3-12', '', 1), 
(78, 1, 3, 10, 'Cactus Flower 472', '', 1), 
(79, 1, 3, 10, 'Colbert Ferry 322', '', 1), 
(80, 1, 3, 10, 'Erstein Valley 12359', '', 1), 
(81, 1, 3, 10, 'Grey Sotol Way 4675', 'z', 1), 
(82, 1, 3, 10, 'Grey Sotol Way 4679', '', 1), 
(83, 1, 3, 10, 'Luneville Lane 10333', '', 1);

-- --------------------------------------------------------
-- Table `property_contracts`

CREATE TABLE `property_contracts` (
  `id` mediumint(8) UNSIGNED NOT NULL PRIMARY KEY AUTO_INCREMENT,
  `property` smallint(5) UNSIGNED NOT NULL,
  `due_date` tinyint(2) UNSIGNED NOT NULL,
  `start_date` date NOT NULL,
  `end_date` date NOT NULL,
  `canceled` tinyint(1) UNSIGNED NOT NULL DEFAULT 0,
  `finalized` tinyint(1) UNSIGNED NOT NULL DEFAULT 0,
  FOREIGN KEY (`property`) REFERENCES properties (`id`)
) ENGINE=InnoDB DEFAULT CHARSET=latin1 COLLATE=latin1_swedish_ci;

INSERT INTO `property_contracts` (`id`, `property`, `due_date`, `start_date`, `end_date`, `canceled`, `finalized`) VALUES 
(11, 31, 1, '2024-01-10', '2025-01-31', 0, 0), 
(12, 23, 15, '2024-06-01', '2025-05-31', 0, 0), 
(13, 24, 1, '2024-06-01', '2025-05-31', 0, 0), 
(14, 25, 15, '2024-04-01', '2025-03-31', 0, 0), 
(15, 28, 1, '2024-01-01', '2024-12-31', 0, 0), 
(16, 37, 1, '2024-02-01', '2024-07-31', 0, 0), 
(17, 38, 1, '2023-08-02', '2024-08-01', 0, 0), 
(18, 39, 1, '2023-07-24', '2024-07-23', 0, 0), 
(19, 40, 1, '2024-02-01', '2025-01-31', 0, 0), 
(20, 41, 15, '2023-11-15', '2025-11-14', 0, 0), 
(21, 42, 13, '2024-06-13', '2025-06-12', 0, 0), 
(22, 43, 12, '2023-10-12', '2024-10-14', 0, 0), 
(23, 45, 1, '2023-06-28', '2024-06-27', 0, 0), 
(24, 44, 15, '2024-06-17', '2025-06-16', 0, 0), 
(25, 46, 10, '2024-06-10', '2025-06-09', 0, 0), 
(26, 47, 1, '2023-09-29', '2024-09-25', 0, 0), 
(27, 48, 8, '2023-12-08', '2024-12-07', 0, 0), 
(28, 49, 10, '2024-02-10', '2025-02-09', 0, 0), 
(29, 50, 10, '2024-04-10', '2025-04-09', 0, 0), 
(30, 51, 1, '2023-09-01', '2024-08-31', 0, 0), 
(31, 52, 26, '2023-06-26', '2024-06-25', 0, 0), 
(32, 53, 8, '2024-06-09', '2024-06-08', 0, 0), 
(33, 55, 3, '2023-07-03', '2024-07-02', 0, 0), 
(34, 56, 5, '2023-12-05', '2024-12-04', 0, 0), 
(35, 57, 15, '2024-01-16', '2025-01-15', 0, 0), 
(36, 59, 15, '2023-09-15', '2024-09-14', 0, 0), 
(37, 26, 15, '2023-11-15', '2024-11-14', 0, 0), 
(38, 61, 15, '2023-10-19', '2024-10-18', 0, 0), 
(39, 62, 1, '2023-06-28', '2024-06-27', 0, 0), 
(40, 60, 22, '2023-11-22', '2024-11-21', 0, 0), 
(41, 63, 21, '2024-02-21', '2024-12-20', 0, 0), 
(42, 64, 26, '2023-10-26', '2024-10-25', 0, 0), 
(43, 65, 1, '2024-03-01', '2025-02-28', 1, 0), 
(44, 66, 26, '2023-09-26', '2024-09-25', 0, 0), 
(45, 67, 15, '2024-02-15', '2024-08-14', 0, 0), 
(46, 68, 15, '2024-02-15', '2025-02-14', 0, 0), 
(47, 69, 21, '2023-06-21', '2024-07-20', 0, 0), 
(48, 70, 1, '2024-02-01', '2025-01-31', 0, 0), 
(49, 71, 26, '2024-01-26', '2025-01-25', 0, 0), 
(50, 72, 1, '2023-08-01', '2024-07-31', 0, 0), 
(51, 73, 24, '2024-02-24', '2024-08-23', 0, 0), 
(52, 74, 15, '2024-02-15', '2025-02-14', 0, 0), 
(53, 83, 1, '2024-04-30', '2025-04-29', 0, 0), 
(54, 77, 1, '2024-05-01', '2024-05-31', 0, 0), 
(55, 77, 1, '2024-04-01', '2024-04-30', 0, 0), 
(56, 77, 1, '2024-06-01', '2024-06-30', 0, 0), 
(57, 80, 1, '2023-12-01', '2024-12-31', 0, 0), 
(58, 79, 1, '2024-06-01', '2025-05-31', 0, 0), 
(59, 78, 1, '2024-04-01', '2024-10-31', 0, 0), 
(60, 82, 15, '2024-01-01', '2025-01-31', 0, 0), 
(61, 81, 1, '2023-12-15', '2024-11-30', 0, 0), 
(62, 51, 15, '2024-09-01', '2025-08-31', 0, 0), 
(63, 58, 15, '2024-01-16', '2025-01-15', 0, 0), 
(64, 37, 1, '2024-09-01', '2025-08-31', 0, 0), 
(65, 39, 8, '2024-09-10', '2025-09-07', 0, 0), 
(66, 52, 1, '2024-07-01', '2025-06-30', 0, 0), 
(67, 53, 15, '2024-06-15', '2025-06-14', 0, 0), 
(68, 54, 15, '2024-07-15', '2025-07-14', 0, 0), 
(69, 55, 1, '2024-07-02', '2025-06-30', 0, 0), 
(70, 27, 15, '2023-05-17', '2028-05-16', 0, 0), 
(71, 62, 1, '2024-08-01', '2025-07-31', 0, 0), 
(72, 69, 15, '2024-09-02', '2024-10-15', 0, 0), 
(73, 77, 1, '2024-06-27', '2025-06-26', 0, 0), 
(74, 73, 15, '2024-09-13', '2025-09-15', 0, 0), 
(75, 65, 26, '2024-08-26', '2025-08-25', 0, 0);

-- --------------------------------------------------------
-- Table `contracts_contractors`

CREATE TABLE `contracts_contractors` (
  `id` mediumint(8) UNSIGNED NOT NULL PRIMARY KEY AUTO_INCREMENT,
  `contract` mediumint(8) UNSIGNED NOT NULL,
  `names` varchar(100) NOT NULL,
  `surnames` varchar(100) NOT NULL,
  `email` varchar(100) NOT NULL,
  `phone` varchar(30) NOT NULL,
  FOREIGN KEY (`contract`) REFERENCES property_contracts (`id`)
) ENGINE=InnoDB DEFAULT CHARSET=latin1 COLLATE=latin1_swedish_ci;

INSERT INTO `contracts_contractors` (`id`, `contract`, `names`, `surnames`, `email`, `phone`) VALUES
(1, 12, 'Hazur', 'No sé', 'A@gmail.com', '2713159365'),
(2, 11, 'Sofia Aixa', 'Salazar García', 'sofiaaixa05@gmail.com', '8116876422'),
(3, 13, 'ALAN PABLO', ' LUNA ARELLANO', 'luksmoon@gmail.com', '8127333891'),
(4, 15, 'Ricardo', 'García de León González', 'pendiente@gmail.com', '6121367809'),
(5, 16, 'Santiago Eduardo', 'Aguilar Martinez', 'pendiente@gmail.com', '.'),
(6, 17, 'René Alejandro', 'Barrón Sosa', 'pendiente@gmail.com', '.'),
(7, 18, 'Maurilio', 'Gutierrez Castillo', 'pendiente@gmail.com', '.'),
(8, 19, 'ANTONIO AGUILAR AGUILAR', '/ BERE ESPINOZA', 'bereameza@hotmail.com', '6645148932'),
(9, 20, 'IRVING ALEJANDRO ', 'MARQUEZ DIAZ', 'pendiente@gmail.com', '.'),
(10, 21, 'Fernando', 'Muñiz Valencia', 'fernando.muniz0322@gmail.com', '5586773712'),
(11, 22, 'JUAN MANUEL MELCHOR VALENCIA ', '/ OCZANA PATRICIA BERLANGA TREVIÑO', 'pendiente@gmail.com', '8120658939'),
(12, 24, 'LILIANA ITZEL ', 'CRUZ CRUZ', 'liancruz1902@gmail.com', '8135762878'),
(13, 25, 'FRANCISCO GERARDO ', 'ALMAGUER GUTIERREZ', 'gerry0408@hotmail.com', '8341220669'),
(14, 25, 'KENNYA', 'ALMAGUER', 'pendiente@gmail.com', '8341212055'),
(15, 25, 'Frida', 'Almaguer', 'pendiente@gmail.com', '8343305834'),
(16, 26, 'EMMANUEL ALEJANDRO ', 'ALVAREZ MARTINEZ ', 'a@a.com', '811935986'),
(17, 26, 'JORGE ANTONIO ', 'ALVAREZ MARTINEZ', 'a@a.com', '8182008683'),
(18, 27, 'JESUS MA.', 'RAMIREZ CONS', 'ramirez.cons@hotmail.com', '6621730916'),
(19, 27, 'EVA LAURA', 'RAMIREZ CONS', 'ramirez.cons@hotmail.com', '6621991118'),
(20, 28, 'OSWALDO ARTURO', 'LUNA GIL', 'oswaldoluna123@gmail.com', '6621237948'),
(21, 29, 'SERGIO ALEJANDRO', 'MARTINEZ GARCIA	', 'smtz2091@gmail.com', '3313601264'),
(22, 30, 'MELCHOR ', 'ORTIZ CASTELLANOS ', 'A@a.com', '8661279809'),
(23, 30, 'EMILIO', 'ORTIZ', 'A@a.com', '8661478159'),
(24, 31, 'GUSTAVO EMILIO ', 'GONZALEZ VAZQUEZ', 'A@a.com', '4151142812'),
(25, 32, 'HECTOR ', 'ARRIAGA GARCIA', 'A@a.com', '8116114478'),
(26, 33, 'RICARDO ', 'MORALES HENRIQUEZ', 'A@a.com', '6862777374'),
(27, 34, 'AZUCENA ', 'ROLON JAIMES ', 'A@a.com', 'A'),
(28, 35, 'RUTH ', ' ARREGUIN PEREZ', 'A@a.com', '8661078718'),
(29, 36, 'LUIS GUILLERMO ', 'FUENTES SANCHEZ', 'A@a.com', '.'),
(30, 37, 'IRVING ALEJANDRO ', 'MARQUEZ DIAZ', 'stefanyvelez@hotmail.com', '8180155598'),
(31, 38, 'GERARDO ', 'RICO ORTIZ', 'A@a.com', '.'),
(32, 39, 'EDUARDO', ' RODRIGUEZ FLORES', 'A@a.com', '.'),
(33, 39, 'RODY ', 'RAE ZYLLA', 'A@a.com', '.'),
(34, 40, 'Angel Humberto', 'Diaz Diaz', 'A@a.com', '.'),
(35, 41, 'Jose Mario', 'Calderon Herrera', 'jmcalderon18@gmail.com', '8448696878'),
(36, 42, 'RAFAEL ', 'BECERRA GARCIA ', 'taller.alvagsamty@gmail.com', '8128243281/ 5557545287'),
(37, 43, 'KIMBERLY YAMILETH ', 'ESCALON GOZALEZ	', 'A@a.com', '8123200461'),
(38, 44, 'EMMANUEL ALEJANDRO ', 'ALVAREZ MARTINEZ', 'alvarez_emmanuelalejandro@hotmail.com', '8111935986/8182008683'),
(39, 45, 'JUAN NIKANDI ', 'SALINAS GLEZ', 'A@a.com', '.'),
(40, 46, 'PEDRO ', 'SOLANO MURILLO ', 'A@a.com', '3314695537'),
(41, 46, 'PAOLA 	', 'SOLANO', 'paolaasolano@gmail.com', '3334496863'),
(42, 47, 'ANTONIO ', 'LOPEZ URIBE', 'A@a.com', '.'),
(43, 48, 'PABLO MIGUEL ', 'PEREZ MORALES', 'pmpm05@outlook.com', '9512345450'),
(44, 49, 'VALERIA ', 'JIMENEZ BARRIOS', 'A@a.com', '7711142809'),
(45, 50, 'MARTINA ', 'LEURA HENANDEZ', 'A@a.com', 'A.'),
(46, 51, 'LUIS ', 'FLORES', 'A@a.com', '5512246906'),
(47, 51, 'ricardo ', 'rocha', 'A@a.com', '5512246906'),
(48, 52, 'MARIANA ALEJANDRA ', 'HERNANDEZ GONZALEZ', 'alhegon241011@gmail.com', '5536666039'),
(49, 53, 'DIANA', 'EMENS', 'EANE.EMENS@SEFL.COM', '281-795-3995'),
(50, 53, 'DIANA', 'EMENS', 'EANE.EMENS@SEFL.COM', '281-795-3995'),
(51, 57, 'CHRISTINA', 'PFISTER', 'cpfister@satx.rr.com', '210.833.1232'),
(52, 58, 'AMBER  ', 'WINSETT', 'a@a.com', '.'),
(53, 58, 'TYLER', 'WINSETT', 'a@a.com', '.'),
(54, 59, 'DEJON ', 'STALLINGS', 'DEJASTALLS17@GMAIL.COM', '.'),
(55, 59, 'DERREAN', 'STALLINGS', 'derrean.stallings@yahoo.com', '.'),
(56, 60, 'JENNIFER ', 'LUNA ', 'JENNYTLUNA88@GMAIL.COM', '.'),
(57, 60, 'DIEGO', 'TORRES', 'diegot1990@gmail.com', '.'),
(58, 60, 'VIVIAN', 'SENSIALES', 'a@a.com', '210.535.5252'),
(59, 61, 'ADAM ', 'MESSINGER', 'a@a.com', '.'),
(60, 61, 'KELSEY', 'MESSINGER', 'q@a.com', '.'),
(61, 62, 'MELCHOR', 'ORTIZ CASTELLANOS', 'mged@prodigy.net.mx', '8661279809'),
(62, 63, 'Ruth ', 'Arreguin', 'A@a.com', '8661078718'),
(63, 64, 'Salma', 'Samaniego Candelas', 'salma.samaniego@hotmail.com', '8711896015/8717493100'),
(64, 65, 'EDMUNDO HERRERA MUJICA ', '/ ELIUD ALEJANDRO ESTRADA VELA ', 'edmundo.herrera@gmail.com', '8715174157'),
(65, 66, 'Gustavo Emilio', 'Gonzalez Vazquez ', 'gustavoglz0@gmail.com', '4151142812'),
(66, 67, 'Héctor', 'Arriaga García', 'hectorarriagagarcia@gmail.com', '8116114478'),
(67, 68, 'Keila Yojana', 'Cordoba Ledesma', 'cordoba0829@gmail.com', '8116551608'),
(68, 69, 'Ricardo', 'Morales Henriques', 'ricardo.moralesh@gmail.com', '6862777374'),
(69, 71, 'LUIS ALBERTO ', 'AVELAR GAMEZ', 'ps.alberto.avelar@gmail.com', '6568250459'),
(70, 73, 'RAUL GERARDO MONTEMAYOR TREVIÑO ', '/ MARCELO MONTEMAYOR ', 'rgmote1@gmail.com', '8115389626'),
(71, 62, 'EMILIO', 'ORTIZ', 'mged@prodigy.net.mx', '8661478159'),
(72, 74, 'José David', 'Cheu Toro', 'Jdcheutoro@haulotte.com', '5543603718');

-- --------------------------------------------------------
-- Table `contracts_folders`

CREATE TABLE `contracts_folders` (
  `name` varchar(36) NOT NULL PRIMARY KEY,
  `contract` mediumint(8) UNSIGNED NOT NULL,
  `title` varchar(100) NOT NULL,
  `description` varchar(255) NOT NULL,
  `created` date NOT NULL,
  FOREIGN KEY (`contract`) REFERENCES property_contracts (`id`)
) ENGINE=InnoDB DEFAULT CHARSET=latin1 COLLATE=latin1_swedish_ci;

INSERT INTO `contracts_folders` (`name`, `contract`, `title`, `description`, `created`) VALUES
('0CF2285246004D03A90ACBEBE1585D04', 71, 'Archivos Del Contrato', '', '2024-09-20'),
('1842540A23164245A9FBA36792BBF5A9', 68, 'Fotos de la Propiedad', '', '2024-09-19'),
('1BB2BC9AE6C4437FA3A13EBC7B657342', 27, 'Contrato', '', '2024-06-20'),
('23C0EA067E3E484BA66114D24D968D1F', 62, 'Archivos Del Contrato', '', '2024-09-19'),
('298994A0F289467092E65F78663824C7', 70, 'Fotos de la Propiedad', '', '2024-09-19'),
('2F182FA4DFF344E99BD55B01E257CCFC', 11, 'Fotos de entrega a inquilino', '', '2024-06-13'),
('30C4F95F023A437DBFA873961C1AAE76', 68, 'Archivos Del Contrato', '', '2024-09-19'),
('384B2BE6AB894375A7007C6A1EAF0196', 65, 'Archivos Del Contrato', '', '2024-09-19'),
('3A3BD5FC5DF84C3B8C47142CBCFA7699', 15, 'Contratos', '', '2024-06-20'),
('3BABE09EB5234D0588E33F89EF65278A', 12, 'Contratos', '', '2024-06-13'),
('41D8B637A58449E1B4684976666F36C8', 38, ' Contrato', '', '2024-06-20'),
('42A3C9AA1486441A8461A8FCAE93B1AF', 70, 'Archivos Del Contrato', '', '2024-09-19'),
('43CB56C7F3B54252ADE0A7923D49304C', 66, 'Archivos Del Contrato', '', '2024-09-19'),
('4D9D235F427C4102AFC0D1D19DB822AA', 46, 'Archivos del contrato', '', '2024-09-20'),
('4FB477A866F34ABE935FDF9C8805B778', 74, 'Fotos de la Propiedad', '', '2024-09-26'),
('510FB33D240F4A3A893EB7C17B622DDF', 28, 'Contrato ', '', '2024-06-20'),
('5115504A67DA41AFB905018C1C03C919', 41, 'Contrato', '', '2024-06-20'),
('55DB0E0C99FB4FAAB918D4CFA3AD9B24', 75, 'Archivos Del Contrato', '', '2024-09-26'),
('571FF4FE05274DC39F22BBEE226BAE12', 67, 'Archivos Del Contrato', '', '2024-09-19'),
('5DAC3DCEAEDC47B4BD566FBFD3E995A8', 75, 'Fotos de la Propiedad', '', '2024-09-26'),
('5E890682E66F4BFE90090CD38778E736', 39, 'Contrato', '', '2024-06-20'),
('6ECC848854CC4828A8C375FA9C20B45F', 48, 'Contrato', '', '2024-06-21'),
('702AAE49B7D14114A1C9A37FEBC72B96', 64, 'Fotos de la Propiedad', '', '2024-09-19'),
('729F24BE81CB48BFB454A230E9232137', 74, 'Archivos Del Contrato', '', '2024-09-26'),
('73838D97CC904A309148478FB8C0A0E8', 43, 'Contrato ', '', '2024-06-20'),
('816A5FD581E14E5F85D1AB7F5E4DB6A3', 11, 'Contratos', '', '2024-06-13'),
('837DF1535BC44A729697EEDF193E8634', 72, 'Fotos de la Propiedad', '', '2024-09-20'),
('9213BF535690497B929D2E2900AB001D', 63, 'Fotos de la Propiedad', '', '2024-09-19'),
('92C37BA648C14B099DD46335FFF36A6E', 49, 'Contrato', '', '2024-06-21'),
('9FDDDF6123B744568B684F16809DA688', 37, 'Contrato ', '', '2024-06-20'),
('A7BD610AF91B43C2BFCC800EC33DE57B', 73, 'Archivos Del Contrato', '', '2024-09-20'),
('AD6CB76E40F244E997C2189833F64EFC', 11, 'Fotos de cierre', '', '2024-06-13'),
('B99FD4D3A3F34D7CA7BB47CF42B0F863', 69, 'Archivos Del Contrato', '', '2024-09-19'),
('BAEA90D9EEC64BE58EE30A6A82FB526D', 62, 'Fotos de la Propiedad', '', '2024-09-19'),
('BF9C45E6DACF48E39D72B61EBA9A8FF7', 67, 'Fotos de la Propiedad', '', '2024-09-19'),
('C83A40F0A68848149241A89B2FDDFE95', 69, 'Fotos de la Propiedad', '', '2024-09-19'),
('CAA84ED3C60B4FDBA5A14975AF1254A3', 52, 'Archivos del contrato', '', '2024-09-20'),
('D0A2A02AC5CC42C481E0739CBAFFEA37', 65, 'Fotos de la Propiedad', '', '2024-09-19'),
('D2DED7B80A3D45AEBDCDA996F7DAFAAB', 63, 'Archivos Del Contrato', '', '2024-09-19'),
('D35B8BBCE0A74034BE6F644E998EAC1C', 36, 'Contrato', '', '2024-06-20'),
('D5F454C1797643898A52989067DE0CB7', 66, 'Fotos de la Propiedad', '', '2024-09-19'),
('DA2BB91907BA44A2A78F0DB8264606BD', 42, 'Contrato', '', '2024-06-20'),
('DBBB85F174524DB8B85C1E3197E69DEF', 72, 'Archivos Del Contrato', '', '2024-09-20'),
('DBDB5DBE531E4F8AA147975B570D1708', 20, 'Contratos', '.', '2024-06-20'),
('DC9C9B15BED7487F9957E88583A85557', 14, 'Contrato', '', '2024-06-20'),
('DCA75A86A8364339A2F5F5E5467C823E', 64, 'Archivos Del Contrato', '', '2024-09-19'),
('F857BEB15C2146CE9B062D51C53D42F4', 71, 'Fotos de la Propiedad', '', '2024-09-20'),
('FBDDE4094BBA4BFF95D62AD00D643667', 73, 'Fotos de la Propiedad', '', '2024-09-20'),
('FE17A6434FEF46A59B7ACB6AEDBA04BD', 22, 'Contrato', '', '2024-06-20');

-- --------------------------------------------------------
-- Table `files`
CREATE TABLE `files` (
  `id` varchar(36) NOT NULL PRIMARY KEY,
  `folder` varchar(36) NOT NULL,
  `name` varchar(150) NOT NULL,
  `type` varchar(10) NOT NULL,
  `size` mediumint(8) UNSIGNED NOT NULL DEFAULT 0,
  `created` date NOT NULL DEFAULT current_timestamp(),
  FOREIGN KEY (`folder`) REFERENCES contracts_folders (`name`)
) ENGINE=InnoDB DEFAULT CHARSET=latin1 COLLATE=latin1_swedish_ci;

INSERT INTO `files` (`id`, `folder`, `name`, `type`, `size`, `created`) VALUES
('00506BA4AFBD418EA6B27F89EE8E39BF', 'D2DED7B80A3D45AEBDCDA996F7DAFAAB', 'Distrito_46_Enero_15_2025', 'pdf', 11556731, '2024-09-19'),
('033D972348C7414EB5573B156491FA28', '3BABE09EB5234D0588E33F89EF65278A', 'Cerro_de_la_Silla', 'jpeg', 1749939, '2024-06-14'),
('1A1B56596E284DB1B2C979A8139E5047', 'FE17A6434FEF46A59B7ACB6AEDBA04BD', 'Distrito_23_Oct142024', 'pdf', 14481965, '2024-06-20'),
('1C05EB3668494D6FB60FF10EF2D77732', '3A3BD5FC5DF84C3B8C47142CBCFA7699', 'Distrito_11_Dic3124', 'pdf', 16033475, '2024-06-20'),
('2CD8D160177E47118A8C70702DFFD2F2', 'DA2BB91907BA44A2A78F0DB8264606BD', 'Leones_27_Oct252024', 'pdf', 10810853, '2024-06-21'),
('48951AAEF7054CD3B20BEE22F60D23E8', 'D35B8BBCE0A74034BE6F644E998EAC1C', 'Leones_22_Agosto142024', 'pdf', 10430115, '2024-06-20'),
('544409B3B47E4310B11C1F96107A9E22', '5115504A67DA41AFB905018C1C03C919', 'Leones_26_Dic202024', 'pdf', 11683717, '2024-06-21'),
('5FE0142C4B634AB89E3EB2E98E12E60A', 'DC9C9B15BED7487F9957E88583A85557', 'Restaurante', 'pdf', 11076257, '2024-06-20'),
('77F7E63128F448959DF427D306F50B94', '41D8B637A58449E1B4684976666F36C8', 'Leones_24_Agos312024', 'pdf', 11327587, '2024-06-20'),
('79E23F77A4D548D0AC1D05BBEF6E1FF7', '1BB2BC9AE6C4437FA3A13EBC7B657342', 'Distrito_32_Dic072024', 'pdf', 11027699, '2024-06-20'),
('940536A596C14389BF0150D3EEF219DD', '0CF2285246004D03A90ACBEBE1585D04', 'Leones_25_Junio_27_24', 'pdf', 11334380, '2024-09-20'),
('A80C89B62D1D4828A36345D2A9435116', '5E890682E66F4BFE90090CD38778E736', 'Leones_25_Junio_27_24', 'pdf', 11334380, '2024-06-21'),
('B9DBCF65082346BE9349360434277FBF', '92C37BA648C14B099DD46335FFF36A6E', 'Leones_36_Enero252025', 'pdf', 16777215, '2024-06-21'),
('BCF3A1F6434F42B99ABD10A27B75B823', '41D8B637A58449E1B4684976666F36C8', 'Leones_24_Agos312024', 'pdf', 11327587, '2024-06-20'),
('D352E42254BA407FA938A2CBF4F6E9E6', '3A3BD5FC5DF84C3B8C47142CBCFA7699', 'Distrito_11_Dic3124', 'pdf', 16033475, '2024-06-20'),
('E566B78D512747B48A53C6762A513966', '6ECC848854CC4828A8C375FA9C20B45F', 'Leones_35_Enero312025', 'pdf', 10213960, '2024-06-21'),
('E6E529A49E33474B90F52BE6601E66D7', '1BB2BC9AE6C4437FA3A13EBC7B657342', 'Distrito_23_Oct142024', 'pdf', 14481965, '2024-06-20'),
('ECEB8D22FA6C4FF38BB9C48704EC85CC', '4D9D235F427C4102AFC0D1D19DB822AA', 'Leones_33_Feb142025', 'pdf', 11847615, '2024-09-20'),
('EDE9648FA4EF416681A8D3BFE1EB93AD', '73838D97CC904A309148478FB8C0A0E8', 'Leones_28_Feb282025', 'pdf', 12709772, '2024-06-21'),
('EE6B7AEDC6DC4AE7BB59CA86B15CF8A1', 'DBDB5DBE531E4F8AA147975B570D1708', 'Distrito_21_Febrero21_2025', 'pdf', 15047797, '2024-06-20'),
('EF155383B9A245259B49CCBE4F8BBB64', '9FDDDF6123B744568B684F16809DA688', 'Leones_21_Nov_142024', 'pdf', 11927287, '2024-06-20');

-- --------------------------------------------------------
-- Table `payments_types`

CREATE TABLE `payments_types` (
  `id` tinyint(3) UNSIGNED NOT NULL PRIMARY KEY AUTO_INCREMENT,
  `label` varchar(50) NOT NULL
) ENGINE=InnoDB DEFAULT CHARSET=latin1 COLLATE=latin1_swedish_ci;

INSERT INTO `payments_types` (`id`, `label`) VALUES
(1, 'Recurrente'),
(2, 'Único');

-- Table structure for table `contracts_recurring_payments`
--
CREATE TABLE `contracts_recurring_payments` (
  `id` int(10) UNSIGNED NOT NULL PRIMARY KEY AUTO_INCREMENT,
  `contract` mediumint(8) UNSIGNED NOT NULL,
  `label` varchar(80) NOT NULL,
  `value` int(10) UNSIGNED NOT NULL,
  `start_date` date NOT NULL,
  `end_date` date NOT NULL,
  `canceled` tinyint(1) UNSIGNED NOT NULL DEFAULT 0,
  FOREIGN KEY (`contract`) REFERENCES property_contracts (`id`)
) ENGINE=InnoDB DEFAULT CHARSET=latin1 COLLATE=latin1_swedish_ci;

INSERT INTO `contracts_recurring_payments` (`id`, `contract`, `label`, `value`, `start_date`, `end_date`) VALUES
(1, 11, 'Renta', 17500, '2024-01-10', '2025-01-31'),
(2, 12, 'Renta', 16000, '2024-06-01', '2025-05-31'),
(3, 13, 'Renta', 12000, '2024-06-01', '2025-05-31'),
(4, 14, 'Renta', 25000, '2024-04-01', '2025-03-31'),
(5, 15, 'Renta', 8400, '2024-01-01', '2024-12-31'),
(6, 16, 'Renta', 8800, '2024-02-01', '2024-07-31'),
(7, 17, 'Renta', 7500, '2023-08-02', '2024-08-01'),
(8, 18, 'Renta', 13000, '2023-07-24', '2024-07-23'),
(9, 19, 'Renta', 13820, '2024-02-01', '2025-01-31'),
(10, 20, 'Renta', 15500, '2023-11-15', '2025-11-14'),
(11, 21, 'Renta', 8500, '2024-06-13', '2025-06-12'),
(12, 22, 'Renta', 8400, '2023-10-12', '2024-10-14'),
(13, 23, 'Renta', 13500, '2023-06-28', '2024-06-27'),
(14, 24, 'Renta', 7800, '2024-06-17', '2025-06-16'),
(15, 25, 'Renta', 14000, '2024-06-10', '2025-06-09'),
(16, 26, 'Renta', 14000, '2023-09-29', '2024-09-25'),
(17, 27, 'Renta', 8500, '2023-12-08', '2024-12-07'),
(18, 28, 'Renta', 8500, '2024-02-10', '2025-02-09'),
(19, 29, 'Renta', 7800, '2024-04-10', '2025-04-09'),
(20, 30, 'Renta', 12200, '2023-09-01', '2024-08-31'),
(21, 31, 'Renta', 14000, '2023-06-26', '2024-06-25'),
(22, 32, 'Renta', 13000, '2024-06-09', '2024-06-08'),
(23, 33, 'Renta', 8000, '2023-07-03', '2024-07-02'),
(24, 34, 'Renta', 8500, '2023-12-05', '2024-12-04'),
(25, 35, 'Renta', 14100, '2024-01-16', '2025-01-15'),
(26, 36, 'Renta', 13500, '2023-09-15', '2024-09-14'),
(27, 37, 'Renta', 15500, '2023-11-15', '2024-11-14'),
(28, 38, 'Renta', 9000, '2023-10-19', '2024-10-18'),
(29, 39, 'Renta', 9000, '2023-06-28', '2024-06-27'),
(30, 40, 'Renta', 9500, '2023-11-22', '2024-11-21'),
(31, 41, 'Renta', 9850, '2024-02-21', '2024-12-20'),
(32, 42, 'Renta', 9000, '2023-10-26', '2024-10-25'),
(33, 43, 'Renta', 17500, '2024-03-01', '2025-02-28'),
(34, 44, 'Renta', 12500, '2023-09-26', '2024-09-25'),
(35, 45, 'Renta', 11400, '2024-02-15', '2024-08-14'),
(36, 46, 'Renta', 16500, '2024-02-15', '2025-02-14'),
(37, 47, 'Renta', 12500, '2023-06-21', '2024-07-20'),
(38, 48, 'Renta', 9850, '2024-02-01', '2025-01-31'),
(39, 49, 'Renta', 9800, '2024-01-26', '2025-01-25'),
(40, 50, 'Renta', 9500, '2023-08-01', '2024-07-31'),
(41, 51, 'Renta', 9000, '2024-02-24', '2024-08-23'),
(42, 52, 'Renta', 8500, '2024-02-15', '2025-02-14'),
(43, 53, 'Renta', 2100, '2024-04-30', '2025-04-29'),
(44, 54, 'Renta', 1000, '2024-05-01', '2024-05-31'),
(45, 55, 'Renta', 1000, '2024-04-01', '2024-04-30'),
(46, 56, 'Renta', 1000, '2024-06-01', '2024-06-30'),
(47, 57, 'Renta', 2060, '2023-12-01', '2024-12-31'),
(48, 58, 'Renta', 2200, '2024-06-01', '2025-05-31'),
(49, 59, 'Renta', 2600, '2024-04-01', '2024-10-31'),
(50, 60, 'Renta', 2400, '2024-01-01', '2025-01-31'),
(51, 61, 'Renta', 2200, '2023-12-15', '2024-11-30'),
(52, 21, 'Mantenimiento', 200, '2024-06-13', '2025-06-12'),
(53, 21, 'Estacionamiento', 1, '2024-06-13', '2024-07-13'),
(54, 15, 'Mantenimiento', 200, '2024-01-01', '2024-12-31'),
(55, 19, 'Mantenimiento ', 200, '2024-02-01', '2025-01-31'),
(56, 22, 'Mantenimiento', 200, '2023-10-15', '2024-10-14'),
(57, 24, 'Mantenimiento', 200, '2025-05-16', '2025-06-16'),
(58, 25, 'Mantenimiento', 200, '2024-06-10', '2025-06-09'),
(59, 27, 'Mantenimiento', 200, '2023-12-08', '2024-12-07'),
(60, 28, 'Mantenimiento ', 200, '2024-02-10', '2025-02-09'),
(61, 29, 'Mantenimiento ', 200, '2024-04-10', '2025-04-09'),
(62, 28, 'Mantenimiento', 200, '2024-02-10', '2025-02-09'),
(63, 62, 'Renta', 12600, '2024-09-01', '2025-08-31'),
(64, 63, 'Renta', 14100, '2024-01-16', '2025-01-15'),
(65, 64, 'Renta', 8800, '2024-09-01', '2025-08-31'),
(66, 65, 'Renta', 14500, '2024-09-10', '2025-09-07'),
(67, 66, 'Renta', 14400, '2024-07-01', '2025-06-30'),
(68, 67, 'Renta', 13400, '2024-06-15', '2025-06-14'),
(69, 68, 'Renta', 8800, '2024-07-15', '2025-07-14'),
(70, 69, 'Renta', 8400, '2024-07-02', '2025-06-30'),
(71, 67, 'Mantenimiento', 200, '2024-06-15', '2025-06-14'),
(72, 63, 'Mantenimiento', 200, '2024-01-16', '2025-01-15'),
(73, 69, 'Mantenimiento', 200, '2024-07-02', '2025-06-30'),
(74, 68, 'Mantenimiento', 200, '2024-07-15', '2025-07-14'),
(75, 66, 'Mantenimiento', 200, '2024-07-01', '2025-06-30'),
(76, 62, 'Mantenimiento', 200, '2024-09-01', '2025-08-31'),
(77, 65, 'Mantenimiento ', 200, '2024-09-10', '2025-09-07'),
(78, 64, 'Mantenimiento ', 200, '2024-09-01', '2025-08-31'),
(79, 70, 'Renta', 65000, '2023-05-17', '2028-05-16'),
(80, 71, 'Renta', 9800, '2024-08-01', '2025-07-31'),
(81, 71, 'Mantenimiento', 200, '2024-08-01', '2025-07-31'),
(82, 72, 'Renta', 13920, '2024-09-02', '2024-10-15'),
(83, 73, 'Renta', 13000, '2024-07-01', '2025-06-26'),
(84, 73, 'Mantenimiento', 200, '2024-07-01', '2025-06-26'),
(85, 74, 'Renta', 9800, '2024-09-13', '2025-09-12'),
(86, 74, 'Mantenimiento', 200, '2024-09-13', '2025-09-12'),
(87, 75, 'Renta', 16500, '2024-08-26', '2025-08-25'),
(88, 75, 'Mantenimiento', 200, '2024-08-26', '2025-08-25');

-- Table structure for table `contracts_payments`
--

CREATE TABLE `contracts_payments` (
  `id` int(10) UNSIGNED NOT NULL PRIMARY KEY AUTO_INCREMENT,
  `contract` mediumint(8) UNSIGNED NOT NULL,
  `recurring` int(10) UNSIGNED NOT NULL DEFAULT 0,
  `type` tinyint(3) UNSIGNED NOT NULL,
  `amount` int(10) UNSIGNED NOT NULL,
  `date` date NOT NULL,
  `clarifications` varchar(150) NOT NULL,
  FOREIGN KEY (`contract`) REFERENCES property_contracts (`id`),
  FOREIGN KEY (`type`) REFERENCES payments_types (`id`)
) ENGINE=InnoDB DEFAULT CHARSET=latin1 COLLATE=latin1_swedish_ci;

INSERT INTO `contracts_payments` (`id`, `contract`, `recurring`, `type`, `amount`, `date`, `clarifications`) VALUES 
(1, 21, 11, 1, '8500', '2024-06-13', ''), 
(2, 21, 52, 1, '200', '2024-09-07', ''), 
(3, 21, 11, 1, '8500', '2024-08-02', ''), 
(4, 21, 11, 1, '8500', '2024-07-15', ''), 
(5, 15, 5, 1, '8400', '2024-01-01', ''), 
(6, 15, 54, 1, '200', '2024-01-01', ''), 
(7, 15, 5, 1, '8400', '2024-02-01', ''), 
(8, 15, 54, 1, '200', '2024-02-01', ''), 
(9, 15, 5, 1, '8400', '2024-03-01', ''), 
(10, 15, 54, 1, '200', '2024-03-01', ''), 
(11, 15, 5, 1, '8400', '2024-04-01', ''), 
(12, 15, 54, 1, '200', '2024-04-01', ''), 
(13, 15, 5, 1, '8400', '2024-05-01', ''), 
(14, 15, 54, 1, '200', '2024-09-02', ''), 
(15, 15, 5, 1, '8400', '2024-06-01', ''), 
(16, 15, 54, 1, '200', '2024-06-01', ''), 
(17, 15, 54, 1, '200', '2024-05-01', ''), 
(18, 15, 5, 1, '8400', '2024-07-01', ''), 
(19, 15, 54, 1, '200', '2024-07-01', ''), 
(20, 15, 5, 1, '8400', '2024-08-01', ''), 
(21, 15, 54, 1, '200', '2024-08-01', ''), 
(22, 15, 5, 1, '8400', '2024-09-02', ''), 
(23, 19, 9, 1, '13820', '2024-02-02', ''), 
(24, 19, 55, 1, '200', '2024-02-02', ''), 
(25, 19, 9, 1, '13820', '2024-03-01', ''), 
(26, 19, 9, 1, '13820', '2024-04-01', ''), 
(27, 19, 9, 1, '13820', '2024-05-01', ''), 
(28, 19, 9, 1, '13820', '2024-06-01', ''), 
(29, 19, 9, 1, '13820', '2024-07-01', ''), 
(30, 19, 9, 1, '13820', '2024-08-01', ''), 
(31, 19, 9, 1, '13820', '2024-09-01', ''), 
(32, 19, 55, 1, '200', '2024-03-01', ''), 
(33, 19, 55, 1, '200', '2024-04-01', ''), 
(34, 19, 55, 1, '200', '2024-05-01', ''), 
(35, 19, 55, 1, '200', '2024-06-01', ''), 
(36, 19, 9, 1, '200', '2024-07-01', ''), 
(37, 19, 55, 1, '200', '2024-08-02', ''), 
(38, 19, 9, 1, '200', '2024-09-01', ''), 
(39, 21, 52, 1, '200', '2024-06-13', ''), 
(40, 21, 52, 1, '200', '2024-07-15', ''), 
(41, 21, 52, 1, '200', '2024-08-15', ''), 
(42, 22, 12, 1, '8400', '2023-10-16', ''), 
(43, 22, 12, 1, '8400', '2023-11-16', ''), 
(44, 22, 12, 1, '8400', '2023-12-16', ''), 
(45, 22, 12, 1, '8400', '2024-01-15', ''), 
(46, 22, 12, 1, '8400', '2024-02-15', ''), 
(47, 22, 12, 1, '8400', '2024-03-15', ''), 
(48, 22, 12, 1, '8400', '2024-04-15', ''), 
(49, 22, 12, 1, '8400', '2024-05-15', ''), 
(50, 22, 12, 1, '8400', '2024-08-15', ''), 
(51, 22, 12, 1, '8400', '2024-07-15', ''), 
(52, 22, 12, 1, '8400', '2024-06-15', ''), 
(53, 22, 56, 1, '200', '2023-10-15', ''), 
(54, 22, 56, 1, '200', '2023-11-15', ''), 
(55, 22, 56, 1, '200', '2023-12-15', ''), 
(56, 22, 56, 1, '200', '2024-01-15', ''), 
(57, 22, 56, 1, '200', '2024-02-15', ''), 
(58, 22, 56, 1, '200', '2024-03-15', ''), 
(59, 22, 56, 1, '200', '2024-05-15', ''), 
(60, 22, 56, 1, '200', '2024-08-15', ''), 
(61, 22, 56, 1, '200', '2024-06-15', ''), 
(62, 22, 56, 1, '200', '2024-07-15', ''), 
(63, 22, 56, 1, '200', '2024-04-15', ''), 
(64, 24, 14, 1, '7800', '2024-06-17', ''), 
(65, 24, 14, 1, '7800', '2024-07-15', ''), 
(66, 24, 14, 1, '7800', '2024-08-15', ''), 
(67, 24, 57, 1, '200', '2024-06-17', ''), 
(68, 24, 57, 1, '200', '2024-07-15', ''), 
(69, 24, 57, 1, '200', '2024-08-15', ''), 
(70, 25, 15, 1, '14000', '2024-06-10', ''), 
(71, 25, 15, 1, '14000', '2024-07-15', ''), 
(72, 25, 15, 1, '14000', '2024-08-15', ''), 
(73, 25, 15, 1, '14000', '2024-09-10', ''), 
(74, 25, 58, 1, '200', '2024-06-10', ''), 
(75, 25, 58, 1, '200', '2024-07-10', ''), 
(76, 25, 58, 1, '200', '2024-08-10', ''), 
(77, 25, 58, 1, '200', '2024-09-10', ''), 
(78, 27, 17, 1, '8500', '2023-12-08', ''), 
(79, 27, 17, 1, '8500', '2024-01-08', ''), 
(80, 27, 17, 1, '8500', '2024-02-08', ''), 
(81, 27, 17, 1, '8500', '2024-04-08', ''), 
(82, 27, 17, 1, '8500', '2024-03-08', ''), 
(83, 27, 17, 1, '8500', '2024-05-08', ''), 
(84, 27, 17, 1, '8500', '2024-08-08', ''), 
(85, 27, 17, 1, '8500', '2024-07-08', ''), 
(86, 27, 59, 1, '200', '2024-07-08', ''), 
(87, 27, 17, 1, '8500', '2024-06-08', ''), 
(88, 27, 17, 1, '200', '2024-08-08', ''), 
(89, 27, 59, 1, '200', '2024-05-09', ''), 
(90, 27, 59, 1, '200', '2023-12-08', ''), 
(91, 27, 59, 1, '200', '2024-01-08', ''), 
(92, 27, 59, 1, '200', '2024-02-08', ''), 
(93, 27, 17, 1, '200', '2024-06-09', ''), 
(94, 27, 59, 1, '200', '2024-03-08', ''), 
(95, 27, 59, 1, '200', '2024-04-08', ''), 
(96, 28, 18, 1, '8500', '2024-02-10', ''), 
(97, 28, 18, 1, '8500', '2024-03-10', ''), 
(98, 28, 18, 1, '8500', '2024-04-10', ''), 
(99, 28, 18, 1, '8500', '2024-05-10', ''), 
(100, 28, 18, 1, '8500', '2024-06-10', ''), 
(101, 28, 18, 1, '8500', '2024-07-10', ''), 
(102, 28, 18, 1, '8500', '2024-08-10', ''), 
(103, 29, 19, 1, '7800', '2024-04-10', ''), 
(104, 29, 19, 1, '7800', '2024-05-10', ''), 
(105, 29, 19, 1, '7800', '2024-06-10', ''), 
(106, 29, 19, 1, '7800', '2024-07-10', ''), 
(107, 29, 19, 1, '7800', '2024-08-10', ''), 
(108, 29, 61, 1, '200', '2024-04-10', ''), 
(109, 29, 61, 1, '200', '2024-05-10', ''), 
(110, 29, 61, 1, '200', '2024-06-10', ''), 
(111, 29, 61, 1, '200', '2024-07-10', ''), 
(112, 29, 61, 1, '200', '2024-08-10', ''), 
(113, 53, 43, 1, '2100', '2024-04-30', ''), 
(114, 53, 43, 1, '2100', '2024-05-30', ''), 
(115, 53, 43, 1, '2100', '2024-06-30', ''), 
(116, 53, 43, 1, '2100', '2024-07-30', ''), 
(117, 53, 43, 1, '2100', '2024-08-31', ''), 
(118, 53, 43, 1, '2100', '2024-09-30', ''), 
(119, 57, 47, 1, '2060', '2023-12-01', ''), 
(120, 57, 47, 1, '2060', '2024-01-01', ''), 
(121, 57, 47, 1, '2060', '2024-02-01', ''), 
(122, 57, 47, 1, '2060', '2024-04-01', ''), 
(123, 57, 47, 1, '2060', '2024-09-01', ''), 
(124, 57, 47, 1, '2060', '2024-07-01', ''), 
(125, 57, 47, 1, '2060', '2024-03-01', ''), 
(126, 57, 47, 1, '2060', '2024-05-01', ''), 
(127, 57, 47, 1, '2060', '2024-06-01', ''), 
(128, 57, 47, 1, '2060', '2024-08-01', ''), 
(129, 58, 48, 1, '2200', '2024-06-01', ''), 
(130, 58, 48, 1, '2200', '2024-08-01', ''), 
(131, 58, 48, 1, '2200', '2024-07-01', '$2,200'), 
(132, 58, 48, 1, '2200', '2024-09-01', ''), 
(133, 60, 50, 1, '2400', '2024-01-01', ''), 
(134, 60, 50, 1, '2400', '2024-02-01', ''), 
(135, 60, 50, 1, '2400', '2024-04-01', ''), 
(136, 60, 50, 1, '2400', '2024-03-01', ''), 
(137, 60, 50, 1, '2400', '2024-06-01', ''), 
(138, 60, 50, 1, '2400', '2024-05-01', ''), 
(139, 60, 50, 1, '2400', '2024-07-01', ''), 
(140, 60, 50, 1, '2400', '2024-08-01', ''), 
(141, 60, 50, 1, '2400', '2024-09-01', ''), 
(142, 61, 51, 1, '2200', '2023-12-15', ''), 
(143, 61, 51, 1, '2200', '2024-03-15', ''), 
(144, 61, 51, 1, '2200', '2024-09-15', ''), 
(145, 61, 51, 1, '2200', '2024-08-15', ''), 
(146, 61, 51, 1, '2200', '2024-01-16', ''), 
(147, 61, 51, 1, '2200', '2024-02-16', ''), 
(148, 61, 51, 1, '2200', '2024-04-16', ''), 
(149, 61, 51, 1, '2200', '2024-05-15', ''), 
(150, 61, 51, 1, '2200', '2024-07-15', ''), 
(151, 61, 51, 1, '2200', '2024-06-15', ''), 
(152, 59, 49, 1, '2600', '2024-04-01', ''), 
(153, 59, 49, 1, '2600', '2024-05-01', ''), 
(154, 59, 49, 1, '2600', '2024-07-01', ''), 
(155, 59, 49, 1, '2600', '2024-06-01', ''), 
(156, 59, 49, 1, '2400', '2024-08-01', ''), 
(157, 59, 49, 1, '2400', '2024-09-01', ''), 
(158, 21, 53, 1, '1', '2024-09-12', ''), 
(159, 63, 64, 1, '14100', '2024-01-16', ''), 
(160, 63, 64, 1, '14100', '2024-02-15', ''), 
(161, 63, 64, 1, '14100', '2024-04-15', ''), 
(162, 63, 64, 1, '14100', '2024-03-15', ''), 
(163, 63, 64, 1, '14100', '2024-08-15', ''), 
(164, 63, 64, 1, '14100', '2024-05-15', ''), 
(165, 63, 64, 1, '14100', '2024-06-15', ''), 
(166, 63, 64, 1, '14100', '2024-07-15', ''), 
(167, 63, 72, 1, '200', '2024-08-15', ''), 
(168, 63, 72, 1, '200', '2024-01-16', ''), 
(169, 63, 72, 1, '200', '2024-03-15', ''), 
(170, 63, 72, 1, '200', '2024-06-15', ''), 
(171, 63, 72, 1, '200', '2024-05-15', ''), 
(172, 63, 72, 1, '200', '2024-02-15', ''), 
(173, 63, 64, 1, '200', '2024-04-15', ''), 
(174, 63, 72, 1, '200', '2024-07-15', ''), 
(175, 69, 70, 1, '8400', '2024-07-02', ''), 
(176, 69, 73, 1, '200', '2024-07-02', ''), 
(177, 69, 70, 1, '8400', '2024-08-01', ''), 
(178, 69, 73, 1, '200', '2024-08-01', ''), 
(179, 68, 69, 1, '8800', '2024-07-15', ''), 
(180, 68, 69, 1, '8800', '2024-08-15', ''), 
(181, 68, 74, 1, '200', '2024-07-15', ''), 
(182, 68, 69, 1, '200', '2024-08-15', ''), 
(183, 67, 68, 1, '13400', '2024-06-15', ''), 
(184, 67, 68, 1, '13400', '2024-07-15', ''), 
(185, 67, 68, 1, '13400', '2024-08-15', ''), 
(186, 67, 68, 1, '13400', '2024-09-15', ''), 
(187, 67, 71, 1, '200', '2024-09-15', ''), 
(188, 67, 71, 1, '200', '2024-08-15', ''), 
(189, 67, 71, 1, '200', '2024-06-15', ''), 
(190, 67, 71, 1, '200', '2024-07-15', ''), 
(191, 66, 67, 1, '14400', '2024-07-01', ''), 
(192, 66, 67, 1, '14400', '2024-08-01', ''), 
(194, 65, 66, 1, '14500', '2024-09-10', ''), 
(195, 65, 77, 1, '200', '2024-09-10', ''), 
(196, 11, 1, 1, '17500', '2024-02-01', ''), 
(197, 11, 1, 1, '17500', '2024-06-01', ''), 
(198, 11, 1, 1, '17500', '2024-04-02', ''), 
(199, 11, 1, 1, '17500', '2024-08-01', ''), 
(200, 11, 1, 1, '17500', '2024-07-15', ''), 
(201, 11, 1, 1, '17500', '2024-05-01', ''), 
(202, 11, 1, 1, '17500', '2024-03-01', ''), 
(203, 11, 1, 1, '17500', '2024-09-01', ''), 
(204, 70, 79, 1, '65000', '2023-07-15', ''), 
(205, 70, 79, 1, '65000', '2023-09-15', ''), 
(206, 70, 79, 1, '65000', '2023-08-15', ''), 
(207, 70, 79, 1, '65000', '2023-10-15', ''), 
(208, 70, 79, 1, '65000', '2023-11-15', ''), 
(209, 70, 79, 1, '65000', '2024-03-15', ''), 
(210, 70, 79, 1, '65000', '2024-02-15', ''), 
(211, 70, 79, 1, '65000', '2024-01-15', ''), 
(212, 70, 79, 1, '65000', '2023-12-15', ''), 
(213, 72, 82, 1, '13920', '2024-09-20', ''), 
(214, 73, 83, 1, '13000', '2024-07-02', ''), 
(215, 73, 83, 1, '13000', '2024-08-01', ''), 
(216, 73, 83, 1, '13000', '2024-09-01', ''), 
(217, 37, 27, 1, '15500', '2023-11-15', ''), 
(218, 37, 27, 1, '15500', '2023-12-16', ''), 
(219, 37, 27, 1, '15500', '2024-01-16', ''), 
(220, 37, 27, 1, '15500', '2024-02-16', ''), 
(221, 37, 27, 1, '15500', '2024-07-16', ''), 
(222, 37, 27, 1, '15500', '2024-08-16', ''), 
(223, 37, 27, 1, '15500', '2024-09-16', ''), 
(224, 37, 27, 1, '15500', '2024-03-16', ''), 
(225, 37, 27, 1, '15500', '2024-04-16', ''), 
(226, 37, 27, 1, '15500', '2024-05-16', ''), 
(227, 37, 27, 1, '15500', '2024-06-16', ''), 
(228, 38, 28, 1, '9000', '2024-08-16', ''), 
(229, 38, 28, 1, '9000', '2024-07-16', ''), 
(230, 38, 28, 1, '90000', '2024-04-16', ''), 
(231, 38, 28, 1, '9000', '2024-06-16', ''), 
(232, 38, 28, 1, '9000', '2023-10-20', ''), 
(233, 38, 28, 1, '9000', '2024-01-16', ''), 
(234, 38, 28, 1, '9000', '2023-11-16', ''), 
(235, 38, 28, 1, '9000', '2023-12-16', ''), 
(236, 38, 28, 1, '9000', '2024-02-16', ''), 
(237, 38, 28, 1, '9000', '2024-03-16', ''), 
(238, 38, 28, 1, '9000', '2024-05-16', ''), 
(239, 71, 80, 1, '9800', '2024-09-02', ''), 
(240, 71, 80, 1, '9800', '2024-08-02', ''), 
(241, 71, 81, 1, '200', '2024-09-02', ''), 
(242, 71, 81, 1, '200', '2024-08-02', ''), 
(243, 41, 31, 1, '9850', '2024-02-22', ''), 
(244, 41, 31, 1, '9850', '2024-03-22', ''), 
(245, 41, 31, 1, '9850', '2024-04-22', ''), 
(246, 41, 31, 1, '9850', '2024-05-22', ''), 
(247, 41, 31, 1, '9850', '2024-09-22', ''), 
(248, 41, 31, 1, '9850', '2024-08-22', ''), 
(249, 41, 31, 1, '9850', '2024-06-22', ''), 
(250, 41, 31, 1, '9850', '2024-07-22', ''), 
(251, 42, 32, 1, '9000', '2024-09-21', ''), 
(252, 42, 32, 1, '9000', '2024-08-21', ''), 
(253, 42, 32, 1, '9000', '2024-07-21', ''), 
(254, 42, 32, 1, '9000', '2024-06-21', ''), 
(255, 42, 32, 1, '9000', '2024-05-21', ''), 
(256, 42, 32, 1, '9000', '2024-04-21', ''), 
(257, 42, 32, 1, '9000', '2024-03-21', ''), 
(258, 42, 32, 1, '9000', '2024-02-21', ''), 
(259, 42, 32, 1, '9000', '2024-01-21', ''), 
(260, 42, 32, 1, '9000', '2023-10-26', ''), 
(261, 42, 32, 1, '9000', '2023-11-21', ''), 
(262, 42, 32, 1, '9000', '2023-12-21', ''), 
(263, 44, 34, 1, '12500', '2023-09-27', ''), 
(264, 44, 34, 1, '12500', '2024-08-27', ''), 
(265, 44, 34, 1, '12500', '2023-10-21', ''), 
(266, 44, 34, 1, '12500', '2023-11-21', ''), 
(267, 44, 34, 1, '12500', '2023-12-27', ''), 
(268, 44, 34, 1, '12500', '2024-01-27', ''), 
(269, 44, 34, 1, '12500', '2024-02-27', ''), 
(270, 44, 34, 1, '12500', '2024-03-27', ''), 
(271, 44, 34, 1, '12500', '2024-04-27', ''), 
(272, 44, 34, 1, '12500', '2024-05-27', ''), 
(273, 44, 34, 1, '12500', '2024-06-27', ''), 
(274, 44, 34, 1, '12500', '2024-07-27', ''), 
(275, 44, 34, 1, '12500', '2024-09-26', ''), 
(276, 46, 36, 1, '16500', '2024-02-16', ''), 
(277, 46, 36, 1, '16500', '2024-03-16', ''), 
(278, 46, 36, 1, '16500', '2024-04-21', ''), 
(279, 46, 36, 1, '16500', '2024-05-21', ''), 
(280, 46, 36, 1, '16500', '2024-06-21', ''), 
(281, 46, 36, 1, '16500', '2024-07-21', ''), 
(282, 46, 36, 1, '16500', '2024-08-21', ''), 
(283, 46, 36, 1, '16500', '2024-09-16', ''), 
(284, 48, 38, 1, '9850', '2024-02-02', ''), 
(285, 48, 38, 1, '9850', '2024-03-02', ''), 
(286, 48, 38, 1, '9850', '2024-04-02', ''), 
(287, 48, 38, 1, '9850', '2024-05-02', ''), 
(288, 48, 38, 1, '9850', '2024-06-02', ''), 
(289, 48, 38, 1, '9850', '2024-07-02', ''), 
(290, 48, 38, 1, '9850', '2024-08-02', ''), 
(291, 48, 38, 1, '9850', '2024-09-02', ''), 
(292, 49, 39, 1, '9800', '2024-01-27', ''), 
(293, 49, 39, 1, '9800', '2024-02-27', ''), 
(294, 49, 39, 1, '9800', '2024-03-27', ''), 
(295, 49, 39, 1, '9800', '2024-04-27', ''), 
(296, 49, 39, 1, '9800', '2024-05-27', ''), 
(297, 49, 39, 1, '9800', '2024-06-27', ''), 
(298, 49, 39, 1, '9800', '2024-07-27', ''), 
(299, 49, 39, 1, '9800', '2024-08-27', ''), 
(300, 49, 39, 1, '9800', '2024-09-27', ''), 
(301, 38, 28, 1, '9000', '2024-09-24', ''), 
(302, 74, 85, 1, '9800', '2024-09-16', ''), 
(303, 74, 86, 1, '200', '2024-09-16', ''), 
(304, 43, 33, 1, '17500', '2024-03-01', ''), 
(305, 43, 33, 1, '17500', '2024-04-01', ''), 
(306, 43, 33, 1, '17500', '2024-05-01', ''), 
(307, 43, 33, 1, '17500', '2024-06-01', ''), 
(308, 43, 33, 1, '17500', '2024-07-01', '');