-- phpMyAdmin SQL Dump
-- version 5.2.2
-- https://www.phpmyadmin.net/
--
-- Host: localhost:3306
-- Generation Time: Aug 28, 2025 at 05:42 PM
-- Server version: 10.6.22-MariaDB-cll-lve
-- PHP Version: 8.3.22

SET SQL_MODE = "NO_AUTO_VALUE_ON_ZERO";
START TRANSACTION;
SET time_zone = "+00:00";


/*!40101 SET @OLD_CHARACTER_SET_CLIENT=@@CHARACTER_SET_CLIENT */;
/*!40101 SET @OLD_CHARACTER_SET_RESULTS=@@CHARACTER_SET_RESULTS */;
/*!40101 SET @OLD_COLLATION_CONNECTION=@@COLLATION_CONNECTION */;
/*!40101 SET NAMES utf8mb4 */;

--
-- Database: `Rentify_TestB`
--

-- --------------------------------------------------------

--
-- Table structure for table `accounts`
--

CREATE TABLE `accounts` (
  `id` smallint(5) UNSIGNED NOT NULL,
  `names` varchar(100) NOT NULL,
  `surnames` varchar(100) NOT NULL,
  `email` varchar(100) NOT NULL,
  `password` varchar(255) NOT NULL,
  `role` tinyint(3) UNSIGNED NOT NULL,
  `active` tinyint(1) UNSIGNED NOT NULL DEFAULT 1,
  `created` date NOT NULL,
  `updated` date NOT NULL DEFAULT current_timestamp()
) ENGINE=InnoDB DEFAULT CHARSET=latin1 COLLATE=latin1_swedish_ci;

--
-- Dumping data for table `accounts`
--

INSERT INTO `accounts` (`id`, `names`, `surnames`, `email`, `password`, `role`, `active`, `created`, `updated`) VALUES
(1, 'Romeo', 'Marquez', 'romeo@gelattina.com', '$2y$10$W3hVJv7BbaUSkMWQNTthU.5ddteLP9wGMqFD8gYETav7OAG2EDnhu', 1, 1, '2023-09-13', '2024-01-17'),
(2, 'Yolanda', 'Maltos', 'yolanda@gelattina.com', '$2y$10$W3hVJv7BbaUSkMWQNTthU.5ddteLP9wGMqFD8gYETav7OAG2EDnhu', 1, 1, '2024-06-17', '2024-06-17'),
(3, 'Antonio', 'Vazquez', 'dantoniovzz@gmail.com', '$2y$10$7JVU5.YbJF8T8/xoSO3j8O/8zxc6GH1fltLBkaukmfggGDjOQrdN.', 5, 1, '2025-03-08', '2025-08-22'),
(4, 'Test', 'Mantenimiento', 'test1@gelattina.com', '$2y$10$pF7HM2JmFsldpFLRrNOMXeze3ikft51zA0Z/vIQRYQT680AwYx2l6', 4, 1, '2025-05-07', '2025-07-22'),
(5, 'Ana', 'Márquez ', 'Ana.marquez@gelattina.com', '$2y$10$y1lUIYS2GUduer72YUtcDe09DHqb.bFZf0Vz9x54fDcg2ps7rCRqK', 5, 1, '2025-07-22', '2025-07-22');

-- --------------------------------------------------------

--
-- Table structure for table `accounts_roles`
--

CREATE TABLE `accounts_roles` (
  `id` tinyint(3) UNSIGNED NOT NULL,
  `label` varchar(50) NOT NULL
) ENGINE=InnoDB DEFAULT CHARSET=latin1 COLLATE=latin1_swedish_ci;

--
-- Dumping data for table `accounts_roles`
--

INSERT INTO `accounts_roles` (`id`, `label`) VALUES
(1, 'Super Admin'),
(2, 'Admin'),
(3, 'Broker'),
(4, 'Mantenimiento'),
(5, 'Cobrador');

-- --------------------------------------------------------

--
-- Table structure for table `comments`
--

CREATE TABLE `comments` (
  `id` bigint(20) UNSIGNED NOT NULL,
  `account` smallint(5) UNSIGNED NOT NULL,
  `property` smallint(5) UNSIGNED NOT NULL,
  `contract` mediumint(8) UNSIGNED NOT NULL,
  `text` text NOT NULL,
  `checked` smallint(5) UNSIGNED NOT NULL DEFAULT 0,
  `created` date NOT NULL
) ENGINE=InnoDB DEFAULT CHARSET=latin1 COLLATE=latin1_swedish_ci;

-- --------------------------------------------------------

--
-- Table structure for table `contracts_contractors`
--

CREATE TABLE `contracts_contractors` (
  `id` mediumint(8) UNSIGNED NOT NULL,
  `contract` mediumint(8) UNSIGNED NOT NULL,
  `names` varchar(100) NOT NULL,
  `surnames` varchar(100) NOT NULL,
  `email` varchar(100) NOT NULL,
  `phone` varchar(30) NOT NULL
) ENGINE=InnoDB DEFAULT CHARSET=latin1 COLLATE=latin1_swedish_ci;

--
-- Dumping data for table `contracts_contractors`
--

INSERT INTO `contracts_contractors` (`id`, `contract`, `names`, `surnames`, `email`, `phone`) VALUES
(1, 12, 'Hazur', 'No sé', 'A@gmail.com', '2713159365'),
(2, 11, 'Sofia Aixa', 'Salazar García', 'sofiaaixa05@gmail.com', '8116876422'),
(3, 13, 'ALAN PABLO', ' LUNA ARELLANO', 'luksmoon@gmail.com', '8127333891'),
(4, 15, 'Ricardo', 'García de León González', 'pendiente@gmail.com', '6121367809'),
(5, 16, 'Santiago Eduardo', 'Aguilar Martinez', 'pendiente@gmail.com', '.'),
(6, 17, 'René Alejandro', 'Barrón Sosa', 'pendiente@gmail.com', '.'),
(7, 18, 'Maurilio', 'Gutierrez Castillo', 'pendiente@gmail.com', '.'),
(8, 19, 'ANTONIO AGUILAR AGUILAR', '/ BERE ESPINOZA', 'bereameza@hotmail.com', '6645148932'),
(9, 20, 'IRVING ALEJANDRO ', 'MARQUEZ DIAZ', 'pendiente@gmail.com', '.'),
(10, 21, 'Fernando', 'Muñiz Valencia', 'fernando.muniz0322@gmail.com', '5586773712'),
(11, 22, 'JUAN MANUEL MELCHOR VALENCIA ', '/ OCZANA PATRICIA BERLANGA TREVIÑO', 'pendiente@gmail.com', '8120658939'),
(12, 24, 'LILIANA ITZEL ', 'CRUZ CRUZ', 'liancruz1902@gmail.com', '8135762878'),
(13, 25, 'FRANCISCO GERARDO ', 'ALMAGUER GUTIERREZ', 'gerry0408@hotmail.com', '8341220669'),
(14, 25, 'KENNYA', 'ALMAGUER', 'pendiente@gmail.com', '8341212055'),
(15, 25, 'Frida', 'Almaguer', 'pendiente@gmail.com', '8343305834'),
(16, 26, 'EMMANUEL ALEJANDRO ', 'ALVAREZ MARTINEZ ', 'a@a.com', '811935986'),
(17, 26, 'JORGE ANTONIO ', 'ALVAREZ MARTINEZ', 'a@a.com', '8182008683'),
(18, 27, 'JESUS MA.', 'RAMIREZ CONS', 'ramirez.cons@hotmail.com', '6621730916'),
(19, 27, 'EVA LAURA', 'RAMIREZ CONS', 'ramirez.cons@hotmail.com', '6621991118'),
(20, 28, 'OSWALDO ARTURO', 'LUNA GIL', 'oswaldoluna123@gmail.com', '6621237948'),
(21, 29, 'SERGIO ALEJANDRO', 'MARTINEZ GARCIA	', 'smtz2091@gmail.com', '3313601264'),
(22, 30, 'MELCHOR ', 'ORTIZ CASTELLANOS ', 'A@a.com', '8661279809'),
(23, 30, 'EMILIO', 'ORTIZ', 'A@a.com', '8661478159'),
(24, 31, 'GUSTAVO EMILIO ', 'GONZALEZ VAZQUEZ', 'A@a.com', '4151142812'),
(25, 32, 'HECTOR', 'ARRIAGA GARCIA', 'A@a.com', '8116114478'),
(26, 33, 'RICARDO', 'MORALES HENRIQUEZ', 'A@a.com', '6862777374'),
(27, 34, 'AZUCENA', 'ROLON JAIMES ', 'A@a.com', 'A'),
(28, 35, 'RUTH', ' ARREGUIN PEREZ', 'A@a.com', '8661078718'),
(29, 36, 'LUIS GUILLERMO ', 'FUENTES SANCHEZ', 'A@a.com', '.'),
(30, 37, 'IRVING ALEJANDRO ', 'MARQUEZ DIAZ', 'stefanyvelez@hotmail.com', '8180155598'),
(31, 38, 'GERARDO ', 'RICO ORTIZ', 'A@a.com', '.'),
(32, 39, 'EDUARDO', ' RODRIGUEZ FLORES', 'A@a.com', '.'),
(33, 39, 'RODY ', 'RAE ZYLLA', 'A@a.com', '.'),
(34, 40, 'Angel Humberto', 'Diaz Diaz', 'A@a.com', '.'),
(35, 41, 'Jose Mario', 'Calderon Herrera', 'jmcalderon18@gmail.com', '8448696878'),
(36, 42, 'RAFAEL', 'BECERRA GARCIA ', 'taller.alvagsamty@gmail.com', '8128243281/ 5557545287'),
(37, 43, 'KIMBERLY YAMILETH ', 'ESCALON GOZALEZ	', 'A@a.com', '8123200461'),
(38, 44, 'EMMANUEL ALEJANDRO ', 'ALVAREZ MARTINEZ', 'alvarez_emmanuelalejandro@hotmail.com', '8111935986/8182008683'),
(39, 45, 'JUAN NIKANDI ', 'SALINAS GLEZ', 'A@a.com', '.'),
(40, 46, 'PEDRO', 'SOLANO MURILLO ', 'A@a.com', '3314695537'),
(41, 46, 'PAOLA', 'SOLANO', 'paolaasolano@gmail.com', '3334496863'),
(42, 47, 'ANTONIO', 'LOPEZ URIBE', 'A@a.com', '.'),
(43, 48, 'PABLO MIGUEL ', 'PEREZ MORALES', 'pmpm05@outlook.com', '9512345450'),
(44, 49, 'VALERIA', 'JIMENEZ BARRIOS', 'A@a.com', '7711142809'),
(45, 50, 'MARTINA', 'LEURA HENANDEZ', 'A@a.com', 'A.'),
(46, 51, 'LUIS', 'FLORES', 'A@a.com', '5512246906'),
(47, 51, 'ricardo', 'rocha', 'A@a.com', '5512246906'),
(48, 52, 'MARIANA ALEJANDRA ', 'HERNANDEZ GONZALEZ', 'alhegon241011@gmail.com', '5536666039'),
(49, 53, 'DIANA', 'EMENS', 'EANE.EMENS@SEFL.COM', '281-795-3995'),
(50, 53, 'DIANA', 'EMENS', 'EANE.EMENS@SEFL.COM', '281-795-3995'),
(51, 57, 'CHRISTINA', 'PFISTER', 'cpfister@satx.rr.com', '210.833.1232'),
(52, 58, 'AMBER  ', 'WINSETT', 'a@a.com', '.'),
(53, 58, 'TYLER', 'WINSETT', 'a@a.com', '.'),
(54, 59, 'DEJON ', 'STALLINGS', 'DEJASTALLS17@GMAIL.COM', '.'),
(55, 59, 'DERREAN', 'STALLINGS', 'derrean.stallings@yahoo.com', '.'),
(56, 60, 'JENNIFER ', 'LUNA ', 'JENNYTLUNA88@GMAIL.COM', '.'),
(57, 60, 'DIEGO', 'TORRES', 'diegot1990@gmail.com', '.'),
(58, 60, 'VIVIAN', 'SENSIALES', 'a@a.com', '210.535.5252'),
(59, 61, 'ADAM ', 'MESSINGER', 'a@a.com', '.'),
(60, 61, 'KELSEY', 'MESSINGER', 'q@a.com', '.'),
(61, 62, 'MELCHOR', 'ORTIZ CASTELLANOS', 'mged@prodigy.net.mx', '8661279809'),
(62, 63, 'Ruth ', 'Arreguin', 'A@a.com', '8661078718'),
(63, 64, 'Salma', 'Samaniego Candelas', 'salma.samaniego@hotmail.com', '8711896015/8717493100'),
(64, 65, 'EDMUNDO HERRERA MUJICA', 'ELIUD ALEJANDRO ESTRADA VELA', 'edmundo.herrera@gmail.com', '8715174157'),
(65, 66, 'Gustavo Emilio', 'Gonzalez Vazquez ', 'gustavoglz0@gmail.com', '4151142812'),
(66, 67, 'Héctor', 'Arriaga García', 'hectorarriagagarcia@gmail.com', '8116114478'),
(67, 68, 'Keila Yojana', 'Cordoba Ledesma', 'cordoba0829@gmail.com', '8116551608'),
(68, 69, 'Ricardo', 'Morales Henriques', 'ricardo.moralesh@gmail.com', '6862777374'),
(69, 71, 'LUIS ALBERTO ', 'AVELAR GAMEZ', 'ps.alberto.avelar@gmail.com', '6568250459'),
(70, 73, 'RAUL GERARDO MONTEMAYOR TREVIÑO ', '/ MARCELO MONTEMAYOR ', 'rgmote1@gmail.com', '8115389626'),
(71, 62, 'EMILIO', 'ORTIZ', 'mged@prodigy.net.mx', '8661478159'),
(72, 74, 'José David', 'Cheu Toro', 'Jdcheutoro@haulotte.com', '5543603718'),
(73, 78, 'Martha alejandra', 'Ibarra gijon', 'A@a.com', '8111632401'),
(74, 75, 'Elena', 'Figueroa peña', 'A@a.com', '6632149533'),
(75, 79, 'Digna Cecilia ', 'Chung caballero', 'A@a.com', '8119949624'),
(76, 81, 'Gerardo', 'Rico', 'A@a.com', '0'),
(77, 82, 'Covacha ', 'Agencia', 'A@a.com', '0'),
(78, 83, 'Luis  Guillermo', 'Fuentes Sanchez', 'A@a.com', '8120400453'),
(79, 84, 'Gabriel', 'Ponce silva', 'Gabo@nose.com', '833 148 9765'),
(80, 85, 'Alan Pablo', 'Luna sArellano', 'luksmoon@gmail.com', '8127333891'),
(81, 86, 'Covacha', 'X', 'A@a.com', '0'),
(82, 77, 'Juan manuel', 'Melchor valencia', 'A@a.com', '0'),
(83, 88, 'Delia melisa', 'Solis Torres', 'A@a.com', '0'),
(84, 89, 'JESUS MA.', 'RAMIREZ CONS', 'ramirez.cons@hotmail.com', '6621730916'),
(85, 89, 'EVA LAURA', 'RAMIREZ CONS', 'ramirez.cons@hotmail.com', '6621991118'),
(86, 62, 'Dora Gabriela karina', 'Méndez jimenez', 'Nada@a.com', '0'),
(87, 91, 'Karina Lizzeth', 'Zamora Torres', 'A@a.com', '0'),
(88, 91, 'Leonardo Antonio', 'Lozano Gálvez', 'A@a.com', '0'),
(89, 93, 'Jessica Berenice', 'Quiroz moreno', 'A@a.com', '0'),
(90, 100, 'Said Alejandro', 'Ramírez Ruelas', 'Nada@a.com', '0'),
(91, 100, 'Paola', 'Solano', 'PaolaASolano@gmail.com', '3314695537'),
(92, 101, 'Azucena', 'Rolón', 'Azun28@gmail.com', '8181759660'),
(93, 102, 'Salvador', 'González cadena', 'A@a.com', '0'),
(94, 103, 'Jorge Isaac', 'Méndez Lagunes', 'A@a.com', '0'),
(95, 104, 'Pablo Miguel', 'Pérez Morales', 'A@a.com', '0'),
(96, 106, 'Itze  Berenice', 'Aguilar Mesa', 'A@a.com', '0'),
(97, 107, 'Paul', 'ScherMesser', 'A@a.com', '0'),
(98, 108, 'Miguel Angel', 'Contreras Bermúdez', 'O@a.com', '0'),
(99, 110, 'Mariana Alejandra', 'Hernández González', 'O@a.com', '0'),
(100, 109, 'Miguel Angel', 'Contreras, Bermúdez', 'A@a.com', '0'),
(101, 111, 'Armando', 'Martínez Troncoso', 'A@a.com', '0'),
(102, 112, 'Luis, Enrique', 'González Feria', 'a@a.com', 'Cero'),
(103, 115, 'Israel', 'Silva Pizano', 'A@a.com', '0'),
(104, 116, 'David', 'Pastrana', 'A@a.com', '0'),
(105, 117, 'Ricardo', 'González Fernández', 'A@a.com', '0'),
(106, 118, 'Diego de Jesús', 'Gutiérrez Reyes', 'A@a.com', '0'),
(107, 119, 'Belzaeth', 'Solís Villegas', 'A@a.com', '0'),
(108, 120, 'Luis Alberto', 'Avelar Gámez', 'A@a.com', '0'),
(109, 121, 'Robert Francisco', 'Santos Mejía', 'A@a.com', '0'),
(110, 122, 'Alma Adrianna', 'Gómez Galindo', 'A@a.com', '0'),
(111, 105, 'Nelly Abigail', 'Zaragoza Vazquez', 'A@a.com', '0'),
(112, 124, 'JENNIFER ', 'LUNA ', 'a@a.com', '0'),
(113, 124, 'DIEGO	', 'TORRES', 'a@a.com', '0'),
(114, 125, 'DIANA	', 'EMENS	', 'a@a.com', '0'),
(115, 125, 'DEANE	', 'EMENS', 'a@a.com', '0'),
(116, 126, 'DUSTIN', 'NORTHCUTT', 'a@a.com', '0'),
(117, 128, 'Miguel Angel', 'López Espinosa', 'A@a.com', '0'),
(118, 129, 'Digna Cecilia', 'Chung caballero', 'A@a.com', '0'),
(119, 130, 'Erika Fernanda,', 'Galicia Monterrosa', 'A@a.com', '0'),
(120, 130, 'Sofia', 'Ramirez morales', 'A@a.com', '0'),
(121, 131, 'Alan', 'Trujillo Garcia', 'A@a.com', '0'),
(122, 132, 'Azucena', 'Rolón Jaimes', 'A@a.com', '0'),
(123, 135, 'Jesus Andre', 'Tapia Sierra', 'andretapiasierra@icloud.com', '4155661973'),
(124, 136, 'Edgar Misael', 'Silva Moreno', 'Maitheinacio@gmail.com', '8123853422'),
(125, 137, 'Alma Lilia', 'Fernández Bueno', 'Doctoralilyfernandez@gmail.com', '8616143438'),
(126, 138, 'Jesús Antonio', 'Gómez Lira', 'Lic_antoniogomez@hotmail.com', '8183819754'),
(127, 139, 'Diego Eduardo', 'Flores llamas', 'A@a.com', '0'),
(128, 140, 'Alejandro', 'Rubio García', 'Alerubig@exatec.tec.mx', '333-9706195'),
(129, 141, 'Ricardo', 'Morales Enríquez', 'RicardoMoralesh.96@gmail.com', '6862777374'),
(130, 133, 'Fernando', 'Muñiz Valencia', 'Fernando.muniz0322@Gmail.com', '5586773712'),
(131, 142, 'Sra Lili', '.', 'a@a.com', '0'),
(132, 144, 'felipe homero', 'sandval aviles', 'a@a.com', '0'),
(133, 146, 'Maithe Caroline', 'Inacio', 'maitheinacio@gmail.com', '8123853422'),
(134, 147, 'Brandon Roberto', 'Torres Cruz', 'a@a.com', '0'),
(135, 151, 'Hector', 'Arriaga Garcia', 'hector.arriagarcia@gmail.com', '8116114478'),
(136, 152, 'Angel', 'Monroy Bravo', 'angel.monroy@coficab.com', '5539167165'),
(137, 143, 'Keila Yojana', 'Cordoba Ledesma', 'cordoba0829@gmail.com', '8116551608'),
(138, 155, 'Belzathe', 'Solís Villegas', 'A@a.com', '1');

-- --------------------------------------------------------

--
-- Table structure for table `contracts_express_charges`
--

CREATE TABLE `contracts_express_charges` (
  `id` int(10) UNSIGNED NOT NULL,
  `contract` mediumint(8) UNSIGNED NOT NULL,
  `label` varchar(80) NOT NULL,
  `value` int(10) UNSIGNED NOT NULL,
  `canceled` tinyint(1) UNSIGNED NOT NULL DEFAULT 0
) ENGINE=InnoDB DEFAULT CHARSET=latin1 COLLATE=latin1_swedish_ci;

--
-- Dumping data for table `contracts_express_charges`
--

INSERT INTO `contracts_express_charges` (`id`, `contract`, `label`, `value`, `canceled`) VALUES
(1, 32, 'Renta', 13000, 0),
(2, 54, 'Renta', 1000, 0),
(3, 55, 'Renta', 1000, 0),
(4, 56, 'Renta', 1000, 0),
(5, 72, 'Renta', 13920, 0),
(6, 80, 'Renta', 3600, 0),
(7, 98, 'Renta', 6000, 0),
(8, 104, 'Renta', 10200, 0),
(9, 104, 'Mantenimiento', 200, 0),
(10, 108, 'Renta', 7800, 0),
(11, 108, 'Mantenimiento ', 200, 0),
(12, 142, 'Renta', 12000, 0);

-- --------------------------------------------------------

--
-- Table structure for table `contracts_folders`
--

CREATE TABLE `contracts_folders` (
  `name` varchar(36) NOT NULL,
  `contract` mediumint(8) UNSIGNED NOT NULL,
  `title` varchar(100) NOT NULL,
  `description` varchar(255) NOT NULL,
  `created` date NOT NULL
) ENGINE=InnoDB DEFAULT CHARSET=latin1 COLLATE=latin1_swedish_ci;

--
-- Dumping data for table `contracts_folders`
--

INSERT INTO `contracts_folders` (`name`, `contract`, `title`, `description`, `created`) VALUES
('02228479304040AAA72C9DD6CEDD8161', 120, 'Contrato y Documentos', 'Documentación del contrato', '2025-05-05'),
('04AB0054281B46B5BCE5EF39B8CAEB7D', 146, 'Contrato y Documentos', 'Documentación del contrato', '2025-07-17'),
('05C12747F6C14A74A78AAAA34340A9C0', 81, 'Contrato y Documentos', 'Documentación del contrato', '2025-01-13'),
('09C353E0AE3749D2A3BB09EFECA4F45E', 125, 'Fotos de la Propiedad', 'Evidencia de condiciones de la propiedad antes de la entrega', '2025-05-07'),
('0A5D31F52E8A4BE58A91CF74EC0654C5', 125, 'Contrato y Documentos', 'Documentación del contrato', '2025-05-07'),
('0CF2285246004D03A90ACBEBE1585D04', 71, 'Archivos Del Contrato', '', '2024-09-20'),
('100929FDB8944953925FBAF90E4C7BF3', 76, 'Archivos Del Contrato', '', '2024-10-14'),
('117E0AAC6B49474DBD512529E9575B96', 144, 'Contrato y Documentos', 'Documentación del contrato', '2025-07-16'),
('1231A5F5825D4AA7B6EE33AFF3AD012B', 127, 'Fotos de la Propiedad', 'Evidencia de condiciones de la propiedad antes de la entrega', '2025-05-07'),
('1399F74819264E1B99AF36DF41CA9A1C', 77, 'Fotos de la Propiedad', '', '2024-10-18'),
('14CA37DE2AFB4FAAA41F45854BBD58D6', 153, 'Fotos de la Propiedad', 'Evidencia de condiciones de la propiedad antes de la entrega', '2025-07-24'),
('17F5797865E241BF9C497BF4FD1D6BBD', 107, 'Fotos de la Propiedad', 'Evidencia de condiciones de la propiedad antes de la entrega', '2025-02-18'),
('1842540A23164245A9FBA36792BBF5A9', 68, 'Fotos de la Propiedad', '', '2024-09-19'),
('192C92784CEA443087024BBA2802D35B', 124, 'Fotos de la Propiedad', 'Evidencia de condiciones de la propiedad antes de la entrega', '2025-05-07'),
('1A23B212047B4667A55649CEEABA625C', 81, 'Fotos de la Propiedad', 'Evidencia de condiciones de la propiedad antes de la entrega', '2025-01-13'),
('1A9A1FF05D6B498C8FAE3EAE4E5C0584', 35, 'Archivos del contrato', '', '2024-10-14'),
('1BB2BC9AE6C4437FA3A13EBC7B657342', 27, 'Contrato', '', '2024-06-20'),
('1D03D996538E406D91B5F77C98A6C01B', 137, 'Contrato y Documentos', 'Documentación del contrato', '2025-07-14'),
('1D7CB48529B847F291009BDEF07A0A31', 115, 'Fotos de la Propiedad', 'Evidencia de condiciones de la propiedad antes de la entrega', '2025-04-28'),
('1FAE66AEE84848C8AC3F0761EA093C07', 128, 'Contrato y Documentos', 'Documentación del contrato', '2025-06-10'),
('20E852C89358400FBAC4945C20DC202D', 82, 'Contrato y Documentos', 'Documentación del contrato', '2025-01-13'),
('23C0EA067E3E484BA66114D24D968D1F', 62, 'Archivos Del Contrato', '', '2024-09-19'),
('25270189A5134257BD6C20257C2EBC6E', 128, 'Fotos de la Propiedad', 'Evidencia de condiciones de la propiedad antes de la entrega', '2025-06-10'),
('2608CA24DECA48ABA081326EE4523A30', 126, 'Fotos de la Propiedad', 'Evidencia de condiciones de la propiedad antes de la entrega', '2025-05-07'),
('27E6CCC69A5542B58C65C128D631395A', 121, 'Contrato y Documentos', 'Documentación del contrato', '2025-05-05'),
('290D7F1BAF3D4F62A7585A4110A39F8F', 108, 'Contrato y Documentos', 'Documentación del contrato', '2025-02-26'),
('298994A0F289467092E65F78663824C7', 70, 'Fotos de la Propiedad', '', '2024-09-19'),
('2BA16BE21C0C4B38AD82DD33439EE18E', 139, 'Fotos de la Propiedad', 'Evidencia de condiciones de la propiedad antes de la entrega', '2025-07-16'),
('2CD36FCD9B1F498286D9DCD0DC53472B', 109, 'Contrato y Documentos', 'Documentación del contrato', '2025-02-26'),
('2D2E95DD784C4F14A43361FB42679901', 111, 'Fotos de la Propiedad', 'Evidencia de condiciones de la propiedad antes de la entrega', '2025-02-26'),
('2E7108BF639A46E093FD10005E39C708', 132, 'Fotos de la Propiedad', 'Evidencia de condiciones de la propiedad antes de la entrega', '2025-06-10'),
('2EC2EB0F38CA4142967788BB21D6A7E8', 124, 'Contrato y Documentos', 'Documentación del contrato', '2025-05-07'),
('2F182FA4DFF344E99BD55B01E257CCFC', 11, 'Fotos de entrega a inquilino', '', '2024-06-13'),
('30C4F95F023A437DBFA873961C1AAE76', 68, 'Archivos Del Contrato', '', '2024-09-19'),
('31710B294F3B47D2810E7F438C355038', 138, 'Contrato y Documentos', 'Documentación del contrato', '2025-07-14'),
('31A7F4770AD54ED99D9195D1545B03CF', 97, 'Fotos de la Propiedad', 'Evidencia de condiciones de la propiedad antes de la entrega', '2025-01-17'),
('32DC19139A6D40F8B4C25A24E144DBA9', 84, 'Contrato y Documentos', 'Documentación del contrato', '2025-01-13'),
('33CE2A33A1A24F819D48F6B9A9B7E605', 146, 'Fotos de la Propiedad', 'Evidencia de condiciones de la propiedad antes de la entrega', '2025-07-17'),
('347A58D91D204A7CA18DE57C451EB143', 90, 'Contrato y Documentos', 'Documentación del contrato', '2025-01-16'),
('3566738DA6E04B5393621911CA7B3F75', 136, 'Contrato y Documentos', 'Documentación del contrato', '2025-07-14'),
('362E9983990C431D8ED72CD9C3A67023', 99, 'Contrato y Documentos', 'Documentación del contrato', '2025-01-18'),
('36B047D862174CAB8CD9D08DD447C2A3', 96, 'Fotos de la Propiedad', 'Evidencia de condiciones de la propiedad antes de la entrega', '2025-01-17'),
('37A996916CB24047B1F60C16C2FC1DBD', 142, 'Fotos de la Propiedad', 'Evidencia de condiciones de la propiedad antes de la entrega', '2025-07-16'),
('384B2BE6AB894375A7007C6A1EAF0196', 65, 'Archivos Del Contrato', '', '2024-09-19'),
('3A3BD5FC5DF84C3B8C47142CBCFA7699', 15, 'Contratos', '', '2024-06-20'),
('3A74B7B9EA5643EB9514290D14E4ED67', 86, 'Fotos de la Propiedad', 'Evidencia de condiciones de la propiedad antes de la entrega', '2025-01-15'),
('3AE9B4E54F5B4915BDACFC52E274FA08', 112, 'Contrato y Documentos', 'Documentación del contrato', '2025-02-26'),
('3BABE09EB5234D0588E33F89EF65278A', 12, 'Contratos', '', '2024-06-13'),
('3D482DAB55D04A4BAB6B19E5F99B0C16', 154, 'Contrato y Documentos', 'Documentación del contrato', '2025-07-29'),
('3DF4B76424424BD8A0A0349A8E1BA874', 101, 'Fotos de la Propiedad', 'Evidencia de condiciones de la propiedad antes de la entrega', '2025-01-28'),
('3E346E2276B84C668797FEA7DF3909C3', 115, 'Contrato y Documentos', 'Documentación del contrato', '2025-04-28'),
('3E5C520C6FA245749BEFE78DCE70FB38', 108, 'Fotos de la Propiedad', 'Evidencia de condiciones de la propiedad antes de la entrega', '2025-02-26'),
('3E842ED637B348519F873AC1400BEB2E', 95, 'Fotos de la Propiedad', 'Evidencia de condiciones de la propiedad antes de la entrega', '2025-01-17'),
('3F6DB2259C824FB4AA86954944243352', 82, 'Fotos de la Propiedad', 'Evidencia de condiciones de la propiedad antes de la entrega', '2025-01-13'),
('3FAA3732C1CB4884BAA0079AD6A0A30D', 100, 'Fotos de la Propiedad', 'Evidencia de condiciones de la propiedad antes de la entrega', '2025-01-23'),
('3FE261722F6A457C8FCBB3E75D3E9CE2', 90, 'Fotos de la Propiedad', 'Evidencia de condiciones de la propiedad antes de la entrega', '2025-01-16'),
('400522E165074B11B3B506CCF430ACC9', 119, 'Fotos de la Propiedad', 'Evidencia de condiciones de la propiedad antes de la entrega', '2025-05-05'),
('41327BD4C8EA4438919816CC09C13113', 151, 'Fotos de la Propiedad', 'Evidencia de condiciones de la propiedad antes de la entrega', '2025-07-24'),
('41D8B637A58449E1B4684976666F36C8', 38, ' Contrato', '', '2024-06-20'),
('42A3C9AA1486441A8461A8FCAE93B1AF', 70, 'Archivos Del Contrato', '', '2024-09-19'),
('435BFDBFD6B840C7A33C472292E44BF7', 119, 'Contrato y Documentos', 'Documentación del contrato', '2025-05-05'),
('437EC4CE99E24F8CB538B32F2DA08D91', 78, 'Contrato y Documentos', 'Documentación del contrato', '2025-01-13'),
('43CB56C7F3B54252ADE0A7923D49304C', 66, 'Archivos Del Contrato', '', '2024-09-19'),
('4464A2788F8B45E0970AA76088890485', 126, 'Contrato y Documentos', 'Documentación del contrato', '2025-05-07'),
('47AA1D48ED784C688247820BFA47F473', 131, 'Contrato y Documentos', 'Documentación del contrato', '2025-06-10'),
('4B718E2CC52B40189DBE1C64ECD7E123', 155, 'Contrato y Documentos', 'Documentación del contrato', '2025-08-20'),
('4B80699827CA4235A9C91F79DEFFFD0C', 83, 'Contrato y Documentos', 'Documentación del contrato', '2025-01-13'),
('4B8E79BA20604578A5F7081821BCC1EA', 87, 'Fotos de la Propiedad', 'Evidencia de condiciones de la propiedad antes de la entrega', '2025-01-15'),
('4BCF27AF1541402F858D3B857129FD24', 111, 'Contrato y Documentos', 'Documentación del contrato', '2025-02-26'),
('4CC65CA161604566B0656EE6CF961708', 88, 'Contrato y Documentos', 'Documentación del contrato', '2025-01-15'),
('4D9D235F427C4102AFC0D1D19DB822AA', 46, 'Archivos del contrato', '', '2024-09-20'),
('4FB477A866F34ABE935FDF9C8805B778', 74, 'Fotos de la Propiedad', '', '2024-09-26'),
('50960E3411EE405A87FA8F087AB86CF2', 123, 'Contrato y Documentos', 'Documentación del contrato', '2025-05-07'),
('510FB33D240F4A3A893EB7C17B622DDF', 28, 'Contrato ', '', '2024-06-20'),
('5115504A67DA41AFB905018C1C03C919', 41, 'Contrato', '', '2024-06-20'),
('5411A730861E4F86939C8CF479F52FDB', 153, 'Contrato y Documentos', 'Documentación del contrato', '2025-07-24'),
('5456B8C0D4CA4650B9D2684B0483AE48', 92, 'Contrato y Documentos', 'Documentación del contrato', '2025-01-16'),
('54B588F961CD4E0190990EF64B7026B6', 117, 'Fotos de la Propiedad', 'Evidencia de condiciones de la propiedad antes de la entrega', '2025-05-05'),
('55AEDB474AAE479B94438F8911AF42D5', 92, 'Fotos de la Propiedad', 'Evidencia de condiciones de la propiedad antes de la entrega', '2025-01-16'),
('55DB0E0C99FB4FAAB918D4CFA3AD9B24', 75, 'Archivos Del Contrato', '', '2024-09-26'),
('56F1243B74644ACC8D09893D8C9297B8', 130, 'Fotos de la Propiedad', 'Evidencia de condiciones de la propiedad antes de la entrega', '2025-06-10'),
('571FF4FE05274DC39F22BBEE226BAE12', 67, 'Archivos Del Contrato', '', '2024-09-19'),
('57A0BC24655C4325B310EF5F0EE3EBDF', 99, 'Fotos de la Propiedad', 'Evidencia de condiciones de la propiedad antes de la entrega', '2025-01-18'),
('583F77A4A6BC469C9767FA879D08FA94', 109, 'Fotos de la Propiedad', 'Evidencia de condiciones de la propiedad antes de la entrega', '2025-02-26'),
('58BFABCC7C9548AEA59B8D8344763D51', 151, 'Contrato y Documentos', 'Documentación del contrato', '2025-07-24'),
('59D3E6E3DDA44613A7BBBFB4FD9642D0', 79, 'Contrato y Documentos', 'Documentación del contrato', '2025-01-13'),
('5B468B7D7B7F467C9AD7C7425A9F58B6', 131, 'Fotos de la Propiedad', 'Evidencia de condiciones de la propiedad antes de la entrega', '2025-06-10'),
('5B94589121E64064A231B8A2E70DF03E', 97, 'Contrato y Documentos', 'Documentación del contrato', '2025-01-17'),
('5CA33E99697340ACA32DB05873D978B5', 80, 'Contrato y Documentos', 'Documentación del contrato', '2025-01-13'),
('5DAC3DCEAEDC47B4BD566FBFD3E995A8', 75, 'Fotos de la Propiedad', '', '2024-09-26'),
('5E4E7172D0C047FFB04961D2E102B00F', 107, 'Contrato y Documentos', 'Documentación del contrato', '2025-02-18'),
('5E890682E66F4BFE90090CD38778E736', 39, 'Contrato', '', '2024-06-20'),
('5FA193E755EA41C8BF1622BE2D269281', 141, 'Contrato y Documentos', 'Documentación del contrato', '2025-07-16'),
('61FF27E0E4BB4984BEAC98BA061F8AE0', 123, 'Fotos de la Propiedad', 'Evidencia de condiciones de la propiedad antes de la entrega', '2025-05-07'),
('6325A965B4B041189A9EB8AA50E93FE5', 147, 'Contrato y Documentos', 'Documentación del contrato', '2025-07-17'),
('6389C1951D124CC2B00FE52D854E92D8', 98, 'Fotos de la Propiedad', 'Evidencia de condiciones de la propiedad antes de la entrega', '2025-01-18'),
('6AE4A58D4EEC42089213029B30405DA5', 86, 'Contrato y Documentos', 'Documentación del contrato', '2025-01-15'),
('6E7DE796BA324024B966A2C67C9FDBF6', 79, 'Fotos de la Propiedad', 'Evidencia de condiciones de la propiedad antes de la entrega', '2025-01-13'),
('6ECC848854CC4828A8C375FA9C20B45F', 48, 'Contrato', '', '2024-06-21'),
('702AAE49B7D14114A1C9A37FEBC72B96', 64, 'Fotos de la Propiedad', '', '2024-09-19'),
('703E6EEE48084C04873A3F1FB0EA2044', 139, 'Contrato y Documentos', 'Documentación del contrato', '2025-07-16'),
('729F24BE81CB48BFB454A230E9232137', 74, 'Archivos Del Contrato', '', '2024-09-26'),
('73838D97CC904A309148478FB8C0A0E8', 43, 'Contrato ', '', '2024-06-20'),
('7560B1E8137949D299084F8BB14221C1', 91, 'Contrato y Documentos', 'Documentación del contrato', '2025-01-16'),
('7C65E2427BD74D588353B2AD0018E030', 117, 'Contrato y Documentos', 'Documentación del contrato', '2025-05-05'),
('80221CC0F053473F8D2D8E6C0334D5EB', 88, 'Fotos de la Propiedad', 'Evidencia de condiciones de la propiedad antes de la entrega', '2025-01-15'),
('816A5FD581E14E5F85D1AB7F5E4DB6A3', 11, 'Contratos', '', '2024-06-13'),
('825525AC02AF4B49983B644E07BC0A92', 94, 'Contrato y Documentos', 'Documentación del contrato', '2025-01-17'),
('833F1F42EF1D4036A71BA496941D9C00', 130, 'Contrato y Documentos', 'Documentación del contrato', '2025-06-10'),
('8366DAB64EBE49CEB1288C507D224843', 137, 'Fotos de la Propiedad', 'Evidencia de condiciones de la propiedad antes de la entrega', '2025-07-14'),
('837DF1535BC44A729697EEDF193E8634', 72, 'Fotos de la Propiedad', '', '2024-09-20'),
('879789728B994F1DB9CFA3C1F7C41901', 95, 'Contrato y Documentos', 'Documentación del contrato', '2025-01-17'),
('88B9E624BBDF48FC93CCFAEB4152DDE5', 121, 'Fotos de la Propiedad', 'Evidencia de condiciones de la propiedad antes de la entrega', '2025-05-05'),
('88C8CD863B41457BABDA8A7A1DFB5AF9', 84, 'Fotos de la Propiedad', 'Evidencia de condiciones de la propiedad antes de la entrega', '2025-01-13'),
('8D3390F2068B471BAB84EACE21955E68', 24, 'Archivos del contrato', '', '2024-10-14'),
('8D923B98F08541E6BE5B1C370CA39561', 152, 'Fotos de la Propiedad', 'Evidencia de condiciones de la propiedad antes de la entrega', '2025-07-24'),
('8FDD2D4C24E84302B28AE420A08D8CBC', 135, 'Contrato y Documentos', 'Documentación del contrato', '2025-06-27'),
('9213BF535690497B929D2E2900AB001D', 63, 'Fotos de la Propiedad', '', '2024-09-19'),
('92C37BA648C14B099DD46335FFF36A6E', 49, 'Contrato', '', '2024-06-21'),
('93217314D50C4282B286F45DAA6790C6', 80, 'Fotos de la Propiedad', 'Evidencia de condiciones de la propiedad antes de la entrega', '2025-01-13'),
('9EBAC700DEAC4BC08B2CCDBF15F663B8', 142, 'Contrato y Documentos', 'Documentación del contrato', '2025-07-16'),
('9FDDDF6123B744568B684F16809DA688', 37, 'Contrato ', '', '2024-06-20'),
('A2083A45AE1942D5A026A3A392FE0C64', 122, 'Fotos de la Propiedad', 'Evidencia de condiciones de la propiedad antes de la entrega', '2025-05-05'),
('A2E2BA5415EC48CCA404E57918886828', 118, 'Contrato y Documentos', 'Documentación del contrato', '2025-05-05'),
('A333CCA02EA048FB9F9CF2E1EE30FE40', 77, 'Archivos Del Contrato', '', '2024-10-18'),
('A60C6C5D93D14ED0974BD314C65B09B5', 34, 'Archivos del contrato', '', '2024-10-14'),
('A6640766D8EE4C38BB3EA685B5D77A8A', 152, 'Contrato y Documentos', 'Documentación del contrato', '2025-07-24'),
('A68BB6C8AAC84FEC971EC834D29BB55E', 144, 'Fotos de la Propiedad', 'Evidencia de condiciones de la propiedad antes de la entrega', '2025-07-16'),
('A71991D859C94B6586D020C062870DB9', 93, 'Contrato y Documentos', 'Documentación del contrato', '2025-01-17'),
('A7BD610AF91B43C2BFCC800EC33DE57B', 73, 'Archivos Del Contrato', '', '2024-09-20'),
('A934F8B9DB8F4D599BCF721D4F4DB225', 103, 'Contrato y Documentos', 'Documentación del contrato', '2025-01-28'),
('AA3EA9F8F8D242A2A7600A1B1F5C9E84', 147, 'Fotos de la Propiedad', 'Evidencia de condiciones de la propiedad antes de la entrega', '2025-07-17'),
('AD6CB76E40F244E997C2189833F64EFC', 11, 'Fotos de cierre', '', '2024-06-13'),
('B070741FCD6B4B2DAEB42101718B83CE', 140, 'Contrato y Documentos', 'Documentación del contrato', '2025-07-16'),
('B2E3678DB65C4D5D8971DE13FE3B1B55', 100, 'Contrato y Documentos', 'Documentación del contrato', '2025-01-23'),
('B36A6D81DFB54EFA92B8530C04625E5E', 78, 'Fotos de la Propiedad', 'Evidencia de condiciones de la propiedad antes de la entrega', '2025-01-13'),
('B3916A4117364E32B1DBD5C3A054DC15', 91, 'Fotos de la Propiedad', 'Evidencia de condiciones de la propiedad antes de la entrega', '2025-01-16'),
('B39C75C0E8B34F5A92F5283D7E95EA2C', 13, 'Contrato', '', '2025-01-23'),
('B4A2188A34664F9BBFC18C4D9955DC12', 89, 'Contrato', '', '2025-01-15'),
('B5030B921A5A422DA952DB9C39C98D63', 112, 'Fotos de la Propiedad', 'Evidencia de condiciones de la propiedad antes de la entrega', '2025-02-26'),
('B710FA8D8FA346D284432D922932922F', 105, 'Fotos de la Propiedad', 'Evidencia de condiciones de la propiedad antes de la entrega', '2025-02-18'),
('B99FD4D3A3F34D7CA7BB47CF42B0F863', 69, 'Archivos Del Contrato', '', '2024-09-19'),
('BAA2FBED8CA2478DB8960128B4586363', 135, 'Fotos de la Propiedad', 'Evidencia de condiciones de la propiedad antes de la entrega', '2025-06-27'),
('BAEA90D9EEC64BE58EE30A6A82FB526D', 62, 'Fotos de la Propiedad', '', '2024-09-19'),
('BCE04CDEFB2A405289BBC4BFC12F850D', 102, 'Fotos de la Propiedad', 'Evidencia de condiciones de la propiedad antes de la entrega', '2025-01-28'),
('BEC008763E434590AC71F1C5BF560527', 122, 'Contrato y Documentos', 'Documentación del contrato', '2025-05-05'),
('BF3D91114A3043F38C349F97250CA099', 141, 'Fotos de la Propiedad', 'Evidencia de condiciones de la propiedad antes de la entrega', '2025-07-16'),
('BF9C45E6DACF48E39D72B61EBA9A8FF7', 67, 'Fotos de la Propiedad', '', '2024-09-19'),
('C168CC272A284E9C9ACB11754FACCBD2', 83, 'Fotos de la Propiedad', 'Evidencia de condiciones de la propiedad antes de la entrega', '2025-01-13'),
('C2A18591C644473092B8930D77CD5EB4', 102, 'Contrato y Documentos', 'Documentación del contrato', '2025-01-28'),
('C2EF2A48327F4EC4A4BDF87F09914067', 25, 'Archivos del contrato', '', '2024-10-14'),
('C44E119E975B440B88D86A59AAAC0311', 76, 'Fotos de la Propiedad', '', '2024-10-14'),
('C4EE6DE602074E398F241702185E9678', 110, 'Fotos de la Propiedad', 'Evidencia de condiciones de la propiedad antes de la entrega', '2025-02-26'),
('C511FD9E92254F20AD455B04A82F745C', 155, 'Fotos de la Propiedad', 'Evidencia de condiciones de la propiedad antes de la entrega', '2025-08-20'),
('C5B7566330144C309B75DD484431FB05', 96, 'Contrato y Documentos', 'Documentación del contrato', '2025-01-17'),
('C83A40F0A68848149241A89B2FDDFE95', 69, 'Fotos de la Propiedad', '', '2024-09-19'),
('C9D33EDAC5B44F0F8F234104C07D55EE', 104, 'Contrato y Documentos', 'Documentación del contrato', '2025-02-18'),
('CA83A56D865A439F88EC5480AF0BB1D7', 110, 'Contrato y Documentos', 'Documentación del contrato', '2025-02-26'),
('CAA84ED3C60B4FDBA5A14975AF1254A3', 52, 'Archivos del contrato', '', '2024-09-20'),
('CAF116991FC94861BC7B627D7BA13DF0', 104, 'Fotos de la Propiedad', 'Evidencia de condiciones de la propiedad antes de la entrega', '2025-02-18'),
('CD7BB2BDD06F45F8AB8898237C2102B4', 116, 'Contrato y Documentos', 'Documentación del contrato', '2025-04-28'),
('CDFCC466A23B4C50AF8E30CC4B43E2C6', 120, 'Fotos de la Propiedad', 'Evidencia de condiciones de la propiedad antes de la entrega', '2025-05-05'),
('CF04D628D3204BC3BBC8ACB8BA952312', 129, 'Contrato y Documentos', 'Documentación del contrato', '2025-06-10'),
('D0A2A02AC5CC42C481E0739CBAFFEA37', 65, 'Fotos de la Propiedad', '', '2024-09-19'),
('D2DED7B80A3D45AEBDCDA996F7DAFAAB', 63, 'Archivos Del Contrato', '', '2024-09-19'),
('D35B8BBCE0A74034BE6F644E998EAC1C', 36, 'Contrato', '', '2024-06-20'),
('D386CC90D7654D14AE7E5ECB5877E3C1', 98, 'Contrato y Documentos', 'Documentación del contrato', '2025-01-18'),
('D5E6045A5DF34F18BBDB0339568A286D', 118, 'Fotos de la Propiedad', 'Evidencia de condiciones de la propiedad antes de la entrega', '2025-05-05'),
('D5F454C1797643898A52989067DE0CB7', 66, 'Fotos de la Propiedad', '', '2024-09-19'),
('D9B6BA60340C46D4B2D076FE966A588F', 21, 'Contrato', '', '2025-01-15'),
('D9CF19421B0A47CD81A2D5A11C2696F4', 132, 'Contrato y Documentos', 'Documentación del contrato', '2025-06-10'),
('DA2BB91907BA44A2A78F0DB8264606BD', 42, 'Contrato', '', '2024-06-20'),
('DAD534B6CFF5454881E1D88ACA84EA22', 19, 'Archivos del contrato', '', '2024-10-14'),
('DB97CC44DB234E2D9AB581D893CB7083', 85, 'Fotos de la Propiedad', 'Evidencia de condiciones de la propiedad antes de la entrega', '2025-01-13'),
('DBBB85F174524DB8B85C1E3197E69DEF', 72, 'Archivos Del Contrato', '', '2024-09-20'),
('DBDB5DBE531E4F8AA147975B570D1708', 20, 'Contratos', '.', '2024-06-20'),
('DC9C9B15BED7487F9957E88583A85557', 14, 'Contrato', '', '2024-06-20'),
('DCA75A86A8364339A2F5F5E5467C823E', 64, 'Archivos Del Contrato', '', '2024-09-19'),
('DF9156A7AED2434D9C7F9385ABDB5036', 93, 'Fotos de la Propiedad', 'Evidencia de condiciones de la propiedad antes de la entrega', '2025-01-17'),
('DFDAFD438A1E4375B88EC2BEE155CC85', 94, 'Fotos de la Propiedad', 'Evidencia de condiciones de la propiedad antes de la entrega', '2025-01-17'),
('E0944540E69F455C850DAA8537E8D60F', 106, 'Contrato y Documentos', 'Documentación del contrato', '2025-02-18'),
('E1D1719708A34D2D806185D84C1E9816', 136, 'Fotos de la Propiedad', 'Evidencia de condiciones de la propiedad antes de la entrega', '2025-07-14'),
('E2D391D49ED9420E9533EDCB799712BB', 127, 'Contrato y Documentos', 'Documentación del contrato', '2025-05-07'),
('E8F131E929684EC1B753FCA685A45413', 138, 'Fotos de la Propiedad', 'Evidencia de condiciones de la propiedad antes de la entrega', '2025-07-14'),
('E8FC5AC329B8424FB6E21CD4CAFACFB3', 106, 'Fotos de la Propiedad', 'Evidencia de condiciones de la propiedad antes de la entrega', '2025-02-18'),
('EB5D0947DDC9471E811162577B975243', 87, 'Contrato y Documentos', 'Documentación del contrato', '2025-01-15'),
('EBE50198B60C4ACB8D6A55DFE407790D', 29, 'Archivos del contrato', '', '2024-10-14'),
('F17990C35723408BA8F8C4CDAE8B153B', 85, 'Contrato y Documentos', 'Documentación del contrato', '2025-01-13'),
('F1E199CDD4604EE79FA3C1E8EF5DBF24', 140, 'Fotos de la Propiedad', 'Evidencia de condiciones de la propiedad antes de la entrega', '2025-07-16'),
('F5F83533349043DDAAD75441CCDC289E', 129, 'Fotos de la Propiedad', 'Evidencia de condiciones de la propiedad antes de la entrega', '2025-06-10'),
('F6128FC61F3C4AAFBE7EFBBCAB76F4CC', 105, 'Contrato y Documentos', 'Documentación del contrato', '2025-02-18'),
('F6CB53C00714407987A5C95F4951A443', 154, 'Fotos de la Propiedad', 'Evidencia de condiciones de la propiedad antes de la entrega', '2025-07-29'),
('F857BEB15C2146CE9B062D51C53D42F4', 71, 'Fotos de la Propiedad', '', '2024-09-20'),
('FBDDE4094BBA4BFF95D62AD00D643667', 73, 'Fotos de la Propiedad', '', '2024-09-20'),
('FC519409E6624AF18F7A9CFF38E73EE2', 101, 'Contrato y Documentos', 'Documentación del contrato', '2025-01-28'),
('FCBB2E0B9AA44CAEA25D91CC01B4AFCB', 103, 'Fotos de la Propiedad', 'Evidencia de condiciones de la propiedad antes de la entrega', '2025-01-28'),
('FE17A6434FEF46A59B7ACB6AEDBA04BD', 22, 'Contrato', '', '2024-06-20'),
('FF39212824EE4568B56D4D66A9F6FCA1', 116, 'Fotos de la Propiedad', 'Evidencia de condiciones de la propiedad antes de la entrega', '2025-04-28');

-- --------------------------------------------------------

--
-- Table structure for table `contracts_folders_files`
--

CREATE TABLE `contracts_folders_files` (
  `id` varchar(36) NOT NULL,
  `folder` varchar(36) NOT NULL,
  `name` varchar(150) NOT NULL,
  `type` varchar(10) NOT NULL,
  `size` mediumint(8) UNSIGNED NOT NULL DEFAULT 0,
  `created` date NOT NULL DEFAULT current_timestamp()
) ENGINE=InnoDB DEFAULT CHARSET=latin1 COLLATE=latin1_swedish_ci;

--
-- Dumping data for table `contracts_folders_files`
--

INSERT INTO `contracts_folders_files` (`id`, `folder`, `name`, `type`, `size`, `created`) VALUES
('00506BA4AFBD418EA6B27F89EE8E39BF', 'D2DED7B80A3D45AEBDCDA996F7DAFAAB', 'Distrito_46_Enero_15_2025', 'pdf', 11556731, '2024-09-19'),
('01B17A31E9CC4F61808EEE73374E68F7', 'DAD534B6CFF5454881E1D88ACA84EA22', 'Distrito_15_Enero_312025', 'pdf', 10861085, '2025-01-15'),
('033D972348C7414EB5573B156491FA28', '3BABE09EB5234D0588E33F89EF65278A', 'Cerro_de_la_Silla', 'jpeg', 1749939, '2024-06-14'),
('073ED29A9A734DBDA61A18BD51760782', 'A333CCA02EA048FB9F9CF2E1EE30FE40', 'Distrito_23_Oct142024', 'pdf', 14481965, '2025-01-15'),
('146A86A7A97447B995404C3E19374172', '8D3390F2068B471BAB84EACE21955E68', 'Distrito_24_16Junio25', 'pdf', 12305930, '2025-01-15'),
('194DB75D2B4B4D9C96BED129F0CDDDBB', '5456B8C0D4CA4650B9D2684B0483AE48', 'IMG_1899', 'jpeg', 2874480, '2025-01-17'),
('1A1B56596E284DB1B2C979A8139E5047', 'FE17A6434FEF46A59B7ACB6AEDBA04BD', 'Distrito_23_Oct142024', 'pdf', 14481965, '2024-06-20'),
('1A5AB3F788814C0D96FF941D13092A88', 'B4A2188A34664F9BBFC18C4D9955DC12', 'Distrito_23_Oct142024', 'pdf', 14481965, '2025-01-15'),
('1C05EB3668494D6FB60FF10EF2D77732', '3A3BD5FC5DF84C3B8C47142CBCFA7699', 'Distrito_11_Dic3124', 'pdf', 16033475, '2024-06-20'),
('226A9D1BA04D4766AA2C4364C1E32890', 'C2EF2A48327F4EC4A4BDF87F09914067', 'Distrito_26_Junio_92025', 'pdf', 15836282, '2025-01-15'),
('2CD8D160177E47118A8C70702DFFD2F2', 'DA2BB91907BA44A2A78F0DB8264606BD', 'Leones_27_Oct252024', 'pdf', 10810853, '2024-06-21'),
('40F06D98A911489B832E820CB27E75BA', 'D9B6BA60340C46D4B2D076FE966A588F', 'Distrito_22_junio122025', 'pdf', 16307176, '2025-01-15'),
('48951AAEF7054CD3B20BEE22F60D23E8', 'D35B8BBCE0A74034BE6F644E998EAC1C', 'Leones_22_Agosto142024', 'pdf', 10430115, '2024-06-20'),
('533FB0D4A19D46F398BDCBE8231A15CC', '43CB56C7F3B54252ADE0A7923D49304C', 'Distrito_36_1julio2025', 'pdf', 12271271, '2025-01-17'),
('53D40D86436F4CC89097A57B966D769C', '100929FDB8944953925FBAF90E4C7BF3', 'Distrito_21_Febrero21_2025', 'pdf', 15047797, '2024-10-14'),
('544409B3B47E4310B11C1F96107A9E22', '5115504A67DA41AFB905018C1C03C919', 'Leones_26_Dic202024', 'pdf', 11683717, '2024-06-21'),
('5ED2444C57A4413489FEE20664305286', 'EBE50198B60C4ACB8D6A55DFE407790D', 'Distrito_34_Abril72025', 'pdf', 10371215, '2025-01-17'),
('5FE0142C4B634AB89E3EB2E98E12E60A', 'DC9C9B15BED7487F9957E88583A85557', 'Restaurante', 'pdf', 11076257, '2024-06-20'),
('77F7E63128F448959DF427D306F50B94', '41D8B637A58449E1B4684976666F36C8', 'Leones_24_Agos312024', 'pdf', 11327587, '2024-06-20'),
('79E23F77A4D548D0AC1D05BBEF6E1FF7', '1BB2BC9AE6C4437FA3A13EBC7B657342', 'Distrito_32_Dic072024', 'pdf', 11027699, '2024-06-20'),
('940536A596C14389BF0150D3EEF219DD', '0CF2285246004D03A90ACBEBE1585D04', 'Leones_25_Junio_27_24', 'pdf', 11334380, '2024-09-20'),
('A33FD92333BB42E5BAFFD1F8F20DEBA7', '510FB33D240F4A3A893EB7C17B622DDF', 'Distrito_33_Febrero92025', 'pdf', 11791261, '2025-01-17'),
('A80C89B62D1D4828A36345D2A9435116', '5E890682E66F4BFE90090CD38778E736', 'Leones_25_Junio_27_24', 'pdf', 11334380, '2024-06-21'),
('B0D98705CFEE4EF480268470A913A512', 'B4A2188A34664F9BBFC18C4D9955DC12', 'Distrito_32_Dic072024', 'pdf', 11027699, '2025-01-15'),
('B423C697F0F04C91B831C35BC1CEB3BB', '23C0EA067E3E484BA66114D24D968D1F', 'Distrito_35_1Sep2431Agost25', 'pdf', 13337860, '2025-01-17'),
('B9DBCF65082346BE9349360434277FBF', '92C37BA648C14B099DD46335FFF36A6E', 'Leones_36_Enero252025', 'pdf', 16777215, '2024-06-21'),
('BCF3A1F6434F42B99ABD10A27B75B823', '41D8B637A58449E1B4684976666F36C8', 'Leones_24_Agos312024', 'pdf', 11327587, '2024-06-20'),
('C4FE1257816E48D09E76B7F20D2C4DD8', '571FF4FE05274DC39F22BBEE226BAE12', 'Distrito_41_14junuo2025', 'pdf', 13213470, '2025-01-17'),
('D352E42254BA407FA938A2CBF4F6E9E6', '3A3BD5FC5DF84C3B8C47142CBCFA7699', 'Distrito_11_Dic3124', 'pdf', 16033475, '2024-06-20'),
('DCA8907CBBF94847BD2A254FE7212A79', '5B94589121E64064A231B8A2E70DF03E', 'Distrito_46_Enero_15_2025', 'pdf', 11556731, '2025-01-17'),
('DEAB6A1E75E047F1BC87912E675379CA', '384B2BE6AB894375A7007C6A1EAF0196', 'Distrito_14_10Sep247Sep25', 'pdf', 11589531, '2025-01-15'),
('E566B78D512747B48A53C6762A513966', '6ECC848854CC4828A8C375FA9C20B45F', 'Leones_35_Enero312025', 'pdf', 10213960, '2024-06-21'),
('E6E529A49E33474B90F52BE6601E66D7', '1BB2BC9AE6C4437FA3A13EBC7B657342', 'Distrito_23_Oct142024', 'pdf', 14481965, '2024-06-20'),
('E8D20CDD258E4D2AA54DF9AB8484938D', '30C4F95F023A437DBFA873961C1AAE76', 'Distrito_42_15julio25', 'pdf', 11217108, '2025-01-17'),
('ECEB8D22FA6C4FF38BB9C48704EC85CC', '4D9D235F427C4102AFC0D1D19DB822AA', 'Leones_33_Feb142025', 'pdf', 11847615, '2024-09-20'),
('EDE9648FA4EF416681A8D3BFE1EB93AD', '73838D97CC904A309148478FB8C0A0E8', 'Leones_28_Feb282025', 'pdf', 12709772, '2024-06-21'),
('EE6B7AEDC6DC4AE7BB59CA86B15CF8A1', 'DBDB5DBE531E4F8AA147975B570D1708', 'Distrito_21_Febrero21_2025', 'pdf', 15047797, '2024-06-20'),
('EF155383B9A245259B49CCBE4F8BBB64', '9FDDDF6123B744568B684F16809DA688', 'Leones_21_Nov_142024', 'pdf', 11927287, '2024-06-20');

-- --------------------------------------------------------

--
-- Table structure for table `contracts_payments`
--

CREATE TABLE `contracts_payments` (
  `id` int(10) UNSIGNED NOT NULL,
  `contract` mediumint(8) UNSIGNED NOT NULL,
  `recurring` int(10) UNSIGNED NOT NULL DEFAULT 0,
  `express` int(10) UNSIGNED NOT NULL DEFAULT 0,
  `amount` int(10) UNSIGNED NOT NULL,
  `date` date NOT NULL,
  `clarifications` varchar(150) NOT NULL,
  `confirmed` tinyint(1) UNSIGNED NOT NULL DEFAULT 0
) ENGINE=InnoDB DEFAULT CHARSET=latin1 COLLATE=latin1_swedish_ci;

--
-- Dumping data for table `contracts_payments`
--

INSERT INTO `contracts_payments` (`id`, `contract`, `recurring`, `express`, `amount`, `date`, `clarifications`, `confirmed`) VALUES
(1, 21, 11, 0, 8500, '2024-06-13', '', 1),
(2, 21, 52, 0, 200, '2024-09-07', '', 1),
(3, 21, 11, 0, 8500, '2024-08-02', '', 1),
(4, 21, 11, 0, 8500, '2024-07-15', '', 1),
(5, 15, 5, 0, 8400, '2024-01-01', '', 1),
(6, 15, 54, 0, 200, '2024-01-01', '', 1),
(7, 15, 5, 0, 8400, '2024-02-01', '', 1),
(8, 15, 54, 0, 200, '2024-02-01', '', 1),
(9, 15, 5, 0, 8400, '2024-03-01', '', 1),
(10, 15, 54, 0, 200, '2024-03-01', '', 1),
(11, 15, 5, 0, 8400, '2024-04-01', '', 1),
(12, 15, 54, 0, 200, '2024-04-01', '', 1),
(13, 15, 5, 0, 8400, '2024-05-01', '', 1),
(14, 15, 54, 0, 200, '2024-09-02', '', 1),
(15, 15, 5, 0, 8400, '2024-06-01', '', 1),
(16, 15, 54, 0, 200, '2024-06-01', '', 1),
(17, 15, 54, 0, 200, '2024-05-01', '', 1),
(18, 15, 5, 0, 8400, '2024-07-01', '', 1),
(19, 15, 54, 0, 200, '2024-07-01', '', 1),
(20, 15, 5, 0, 8400, '2024-08-01', '', 1),
(21, 15, 54, 0, 200, '2024-08-01', '', 1),
(22, 15, 5, 0, 8400, '2024-09-02', '', 1),
(23, 19, 9, 0, 13820, '2024-02-02', '', 1),
(24, 19, 55, 0, 200, '2024-02-02', '', 1),
(25, 19, 9, 0, 13820, '2024-03-01', '', 1),
(26, 19, 9, 0, 13820, '2024-04-01', '', 1),
(27, 19, 9, 0, 13820, '2024-05-01', '', 1),
(28, 19, 9, 0, 13820, '2024-06-01', '', 1),
(29, 19, 9, 0, 13820, '2024-07-01', '', 1),
(30, 19, 9, 0, 13820, '2024-08-01', '', 1),
(31, 19, 9, 0, 13820, '2024-09-01', '', 1),
(32, 19, 55, 0, 200, '2024-03-01', '', 1),
(33, 19, 55, 0, 200, '2024-04-01', '', 1),
(34, 19, 55, 0, 200, '2024-05-01', '', 1),
(35, 19, 55, 0, 200, '2024-06-01', '', 1),
(36, 19, 9, 0, 200, '2024-07-01', '', 1),
(37, 19, 55, 0, 200, '2024-08-02', '', 1),
(38, 19, 9, 0, 200, '2024-09-01', '', 1),
(39, 21, 52, 0, 200, '2024-06-13', '', 1),
(40, 21, 52, 0, 200, '2024-07-15', '', 1),
(41, 21, 52, 0, 200, '2024-08-15', '', 1),
(42, 22, 12, 0, 8400, '2023-10-16', '', 1),
(43, 22, 12, 0, 8400, '2023-11-16', '', 1),
(44, 22, 12, 0, 8400, '2023-12-16', '', 1),
(45, 22, 12, 0, 8400, '2024-01-15', '', 1),
(46, 22, 12, 0, 8400, '2024-02-15', '', 1),
(47, 22, 12, 0, 8400, '2024-03-15', '', 1),
(48, 22, 12, 0, 8400, '2024-04-15', '', 1),
(49, 22, 12, 0, 8400, '2024-05-15', '', 1),
(50, 22, 12, 0, 8400, '2024-08-15', '', 1),
(51, 22, 12, 0, 8400, '2024-07-15', '', 1),
(52, 22, 12, 0, 8400, '2024-06-15', '', 1),
(53, 22, 56, 0, 200, '2023-10-15', '', 1),
(54, 22, 56, 0, 200, '2023-11-15', '', 1),
(55, 22, 56, 0, 200, '2023-12-15', '', 1),
(56, 22, 56, 0, 200, '2024-01-15', '', 1),
(57, 22, 56, 0, 200, '2024-02-15', '', 1),
(58, 22, 56, 0, 200, '2024-03-15', '', 1),
(59, 22, 56, 0, 200, '2024-05-15', '', 1),
(60, 22, 56, 0, 200, '2024-08-15', '', 1),
(61, 22, 56, 0, 200, '2024-06-15', '', 1),
(62, 22, 56, 0, 200, '2024-07-15', '', 1),
(63, 22, 56, 0, 200, '2024-04-15', '', 1),
(64, 24, 14, 0, 7800, '2024-06-17', '', 1),
(65, 24, 14, 0, 7800, '2024-07-15', '', 1),
(66, 24, 14, 0, 7800, '2024-08-15', '', 1),
(67, 24, 57, 0, 200, '2024-06-17', '', 1),
(68, 24, 57, 0, 200, '2024-07-15', '', 1),
(69, 24, 57, 0, 200, '2024-08-15', '', 1),
(70, 25, 15, 0, 14000, '2024-06-10', '', 1),
(71, 25, 15, 0, 14000, '2024-07-15', '', 1),
(72, 25, 15, 0, 14000, '2024-08-15', '', 1),
(73, 25, 15, 0, 14000, '2024-09-10', '', 1),
(74, 25, 58, 0, 200, '2024-06-10', '', 1),
(75, 25, 58, 0, 200, '2024-07-10', '', 1),
(76, 25, 58, 0, 200, '2024-08-10', '', 1),
(77, 25, 58, 0, 200, '2024-09-10', '', 1),
(78, 27, 17, 0, 8500, '2023-12-08', '', 1),
(79, 27, 17, 0, 8500, '2024-01-08', '', 1),
(80, 27, 17, 0, 8500, '2024-02-08', '', 1),
(81, 27, 17, 0, 8500, '2024-04-08', '', 1),
(82, 27, 17, 0, 8500, '2024-03-08', '', 1),
(83, 27, 17, 0, 8500, '2024-05-08', '', 1),
(84, 27, 17, 0, 8500, '2024-08-08', '', 1),
(85, 27, 17, 0, 8500, '2024-07-08', '', 1),
(86, 27, 59, 0, 200, '2024-07-08', '', 1),
(87, 27, 17, 0, 8500, '2024-06-08', '', 1),
(88, 27, 17, 0, 200, '2024-08-08', '', 1),
(89, 27, 59, 0, 200, '2024-05-09', '', 1),
(90, 27, 59, 0, 200, '2023-12-08', '', 1),
(91, 27, 59, 0, 200, '2024-01-08', '', 1),
(92, 27, 59, 0, 200, '2024-02-08', '', 1),
(93, 27, 17, 0, 200, '2024-06-09', '', 1),
(94, 27, 59, 0, 200, '2024-03-08', '', 1),
(95, 27, 59, 0, 200, '2024-04-08', '', 1),
(96, 28, 18, 0, 8500, '2024-02-10', '', 1),
(97, 28, 18, 0, 8500, '2024-03-10', '', 1),
(98, 28, 18, 0, 8500, '2024-04-10', '', 1),
(99, 28, 18, 0, 8500, '2024-05-10', '', 1),
(100, 28, 18, 0, 8500, '2024-06-10', '', 1),
(101, 28, 18, 0, 8500, '2024-07-10', '', 1),
(102, 28, 18, 0, 8500, '2024-08-10', '', 1),
(103, 29, 19, 0, 7800, '2024-04-10', '', 1),
(104, 29, 19, 0, 7800, '2024-05-10', '', 1),
(105, 29, 19, 0, 7800, '2024-06-10', '', 1),
(106, 29, 19, 0, 7800, '2024-07-10', '', 1),
(107, 29, 19, 0, 7800, '2024-08-10', '', 1),
(108, 29, 61, 0, 200, '2024-04-10', '', 1),
(109, 29, 61, 0, 200, '2024-05-10', '', 1),
(110, 29, 61, 0, 200, '2024-06-10', '', 1),
(111, 29, 61, 0, 200, '2024-07-10', '', 1),
(112, 29, 61, 0, 200, '2024-08-10', '', 1),
(113, 53, 43, 0, 1848, '2024-04-30', '', 1),
(114, 53, 43, 0, 1848, '2024-05-30', '', 1),
(115, 53, 43, 0, 1848, '2024-06-30', '', 1),
(116, 53, 43, 0, 1848, '2024-07-30', '', 1),
(117, 53, 43, 0, 1848, '2024-08-31', '', 1),
(118, 53, 43, 0, 1848, '2024-09-30', '', 1),
(119, 57, 47, 0, 2060, '2023-12-01', '', 1),
(120, 57, 47, 0, 2060, '2024-01-01', '', 1),
(121, 57, 47, 0, 2060, '2024-02-01', '', 1),
(122, 57, 47, 0, 2060, '2024-04-01', '', 1),
(123, 57, 47, 0, 2060, '2024-09-01', '', 1),
(124, 57, 47, 0, 2060, '2024-07-01', '', 1),
(125, 57, 47, 0, 2060, '2024-03-01', '', 1),
(126, 57, 47, 0, 2060, '2024-05-01', '', 1),
(127, 57, 47, 0, 2060, '2024-06-01', '', 1),
(128, 57, 47, 0, 2060, '2024-08-01', '', 1),
(129, 58, 48, 0, 2250, '2024-06-01', '', 1),
(130, 58, 48, 0, 2250, '2024-08-01', '', 1),
(131, 58, 48, 0, 2250, '2024-07-01', '', 1),
(132, 58, 48, 0, 2250, '2024-09-01', '', 1),
(133, 60, 50, 0, 2400, '2024-01-01', '', 1),
(134, 60, 50, 0, 2400, '2024-02-01', '', 1),
(135, 60, 50, 0, 2112, '2024-04-01', '', 1),
(136, 60, 50, 0, 2112, '2024-03-01', '', 1),
(137, 60, 50, 0, 2112, '2024-06-01', '', 1),
(138, 60, 50, 0, 2112, '2024-05-01', '', 1),
(139, 60, 50, 0, 2112, '2024-07-01', '', 1),
(140, 60, 50, 0, 2112, '2024-08-01', '', 1),
(141, 60, 50, 0, 2112, '2024-09-01', '', 1),
(142, 61, 51, 0, 2200, '2023-12-15', '', 1),
(143, 61, 51, 0, 2200, '2024-03-15', '', 1),
(144, 61, 51, 0, 2200, '2024-09-15', '', 1),
(145, 61, 51, 0, 2200, '2024-08-15', '', 1),
(146, 61, 51, 0, 2200, '2024-01-16', '', 1),
(147, 61, 51, 0, 2200, '2024-02-16', '', 1),
(148, 61, 51, 0, 2200, '2024-04-16', '', 1),
(149, 61, 51, 0, 2200, '2024-05-15', '', 1),
(150, 61, 51, 0, 2200, '2024-07-15', '', 1),
(151, 61, 51, 0, 2200, '2024-06-15', '', 1),
(152, 59, 49, 0, 2600, '2024-04-01', '', 1),
(153, 59, 49, 0, 2600, '2024-05-01', '', 1),
(154, 59, 49, 0, 2600, '2024-07-01', '', 1),
(155, 59, 49, 0, 2600, '2024-06-01', '', 1),
(156, 59, 49, 0, 2600, '2024-08-01', '', 1),
(157, 59, 49, 0, 2600, '2024-09-01', '', 1),
(159, 63, 64, 0, 14100, '2024-01-16', '', 1),
(160, 63, 64, 0, 14100, '2024-02-15', '', 1),
(161, 63, 64, 0, 14100, '2024-04-15', '', 1),
(162, 63, 64, 0, 14100, '2024-03-15', '', 1),
(163, 63, 64, 0, 14100, '2024-08-15', '', 1),
(164, 63, 64, 0, 14100, '2024-05-15', '', 1),
(165, 63, 64, 0, 14100, '2024-06-15', '', 1),
(166, 63, 64, 0, 14100, '2024-07-15', '', 1),
(167, 63, 72, 0, 200, '2024-08-15', '', 1),
(168, 63, 72, 0, 200, '2024-01-16', '', 1),
(169, 63, 72, 0, 200, '2024-03-15', '', 1),
(170, 63, 72, 0, 200, '2024-06-15', '', 1),
(171, 63, 72, 0, 200, '2024-05-15', '', 1),
(172, 63, 72, 0, 200, '2024-02-15', '', 1),
(173, 63, 64, 0, 200, '2024-04-15', '', 1),
(174, 63, 72, 0, 200, '2024-07-15', '', 1),
(175, 69, 70, 0, 8400, '2024-07-02', '', 1),
(176, 69, 73, 0, 200, '2024-07-02', '', 1),
(177, 69, 70, 0, 8400, '2024-08-01', '', 1),
(178, 69, 73, 0, 200, '2024-08-01', '', 1),
(179, 68, 69, 0, 8800, '2024-07-15', '', 1),
(180, 68, 69, 0, 8800, '2024-08-15', '', 1),
(181, 68, 74, 0, 200, '2024-07-15', '', 1),
(182, 68, 69, 0, 200, '2024-08-15', '', 1),
(183, 67, 68, 0, 13400, '2024-06-15', '', 1),
(184, 67, 68, 0, 13400, '2024-07-15', '', 1),
(185, 67, 68, 0, 13400, '2024-08-15', '', 1),
(186, 67, 68, 0, 13400, '2024-09-15', '', 1),
(187, 67, 71, 0, 200, '2024-09-15', '', 1),
(188, 67, 71, 0, 200, '2024-08-15', '', 1),
(189, 67, 71, 0, 200, '2024-06-15', '', 1),
(190, 67, 71, 0, 200, '2024-07-15', '', 1),
(194, 65, 66, 0, 14500, '2024-09-10', '', 1),
(195, 65, 77, 0, 200, '2024-09-10', '', 1),
(196, 11, 1, 0, 17500, '2024-02-01', '', 1),
(197, 11, 1, 0, 17500, '2024-06-01', '', 1),
(198, 11, 1, 0, 17500, '2024-04-02', '', 1),
(199, 11, 1, 0, 17500, '2024-08-01', '', 1),
(200, 11, 1, 0, 17500, '2024-07-15', '', 1),
(201, 11, 1, 0, 17500, '2024-05-01', '', 1),
(202, 11, 1, 0, 17500, '2024-03-01', '', 1),
(203, 11, 1, 0, 17500, '2024-09-01', '', 1),
(204, 70, 79, 0, 65000, '2023-07-15', '', 1),
(205, 70, 79, 0, 65000, '2023-09-15', '', 1),
(206, 70, 79, 0, 65000, '2023-08-15', '', 1),
(207, 70, 79, 0, 65000, '2023-10-15', '', 1),
(208, 70, 79, 0, 65000, '2023-11-15', '', 1),
(209, 70, 79, 0, 65000, '2024-03-15', '', 1),
(210, 70, 79, 0, 65000, '2024-02-15', '', 1),
(211, 70, 79, 0, 65000, '2024-01-15', '', 1),
(212, 70, 79, 0, 65000, '2023-12-15', '', 1),
(213, 72, 0, 5, 13920, '2024-09-20', '', 1),
(214, 73, 83, 0, 13000, '2024-07-02', '', 1),
(215, 73, 83, 0, 13000, '2024-08-01', '', 1),
(216, 73, 83, 0, 13000, '2024-09-01', '', 1),
(217, 37, 27, 0, 15500, '2023-11-15', '', 1),
(218, 37, 27, 0, 15500, '2023-12-16', '', 1),
(219, 37, 27, 0, 15500, '2024-01-16', '', 1),
(220, 37, 27, 0, 15500, '2024-02-16', '', 1),
(221, 37, 27, 0, 15500, '2024-07-16', '', 1),
(222, 37, 27, 0, 15500, '2024-08-16', '', 1),
(223, 37, 27, 0, 15500, '2024-09-16', '', 1),
(224, 37, 27, 0, 15500, '2024-03-16', '', 1),
(225, 37, 27, 0, 15500, '2024-04-16', '', 1),
(226, 37, 27, 0, 15500, '2024-05-16', '', 1),
(227, 37, 27, 0, 15500, '2024-06-16', '', 1),
(228, 38, 28, 0, 9000, '2024-08-16', '', 1),
(229, 38, 28, 0, 9000, '2024-07-16', '', 1),
(230, 38, 28, 0, 90000, '2024-04-16', '', 1),
(231, 38, 28, 0, 9000, '2024-06-16', '', 1),
(232, 38, 28, 0, 9000, '2023-10-20', '', 1),
(233, 38, 28, 0, 9000, '2024-01-16', '', 1),
(234, 38, 28, 0, 9000, '2023-11-16', '', 1),
(235, 38, 28, 0, 9000, '2023-12-16', '', 1),
(236, 38, 28, 0, 9000, '2024-02-16', '', 1),
(237, 38, 28, 0, 9000, '2024-03-16', '', 1),
(238, 38, 28, 0, 9000, '2024-05-16', '', 1),
(239, 71, 80, 0, 9800, '2024-09-02', '', 1),
(240, 71, 80, 0, 9800, '2024-08-02', '', 1),
(241, 71, 81, 0, 200, '2024-09-02', '', 1),
(242, 71, 81, 0, 200, '2024-08-02', '', 1),
(243, 41, 31, 0, 9850, '2024-02-22', '', 1),
(244, 41, 31, 0, 9850, '2024-03-22', '', 1),
(245, 41, 31, 0, 9850, '2024-04-22', '', 1),
(246, 41, 31, 0, 9850, '2024-05-22', '', 1),
(247, 41, 31, 0, 9850, '2024-09-22', '', 1),
(248, 41, 31, 0, 9850, '2024-08-22', '', 1),
(249, 41, 31, 0, 9850, '2024-06-22', '', 1),
(250, 41, 31, 0, 9850, '2024-07-22', '', 1),
(251, 42, 32, 0, 9000, '2024-09-21', '', 1),
(252, 42, 32, 0, 9000, '2024-08-21', '', 1),
(253, 42, 32, 0, 9000, '2024-07-21', '', 1),
(254, 42, 32, 0, 9000, '2024-06-21', '', 1),
(255, 42, 32, 0, 9000, '2024-05-21', '', 1),
(256, 42, 32, 0, 9000, '2024-04-21', '', 1),
(257, 42, 32, 0, 9000, '2024-03-21', '', 1),
(258, 42, 32, 0, 9000, '2024-02-21', '', 1),
(259, 42, 32, 0, 9000, '2024-01-21', '', 1),
(260, 42, 32, 0, 9000, '2023-10-26', '', 1),
(261, 42, 32, 0, 9000, '2023-11-21', '', 1),
(262, 42, 32, 0, 9000, '2023-12-21', '', 1),
(263, 44, 34, 0, 12500, '2023-09-27', '', 1),
(264, 44, 34, 0, 12500, '2024-08-27', '', 1),
(265, 44, 34, 0, 12500, '2023-10-21', '', 1),
(266, 44, 34, 0, 12500, '2023-11-21', '', 1),
(267, 44, 34, 0, 12500, '2023-12-27', '', 1),
(268, 44, 34, 0, 12500, '2024-01-27', '', 1),
(269, 44, 34, 0, 12500, '2024-02-27', '', 1),
(270, 44, 34, 0, 12500, '2024-03-27', '', 1),
(271, 44, 34, 0, 12500, '2024-04-27', '', 1),
(272, 44, 34, 0, 12500, '2024-05-27', '', 1),
(273, 44, 34, 0, 12500, '2024-06-27', '', 1),
(274, 44, 34, 0, 12500, '2024-07-27', '', 1),
(275, 44, 34, 0, 12500, '2024-09-26', '', 1),
(276, 46, 36, 0, 16500, '2024-02-16', '', 1),
(277, 46, 36, 0, 16500, '2024-03-16', '', 1),
(278, 46, 36, 0, 16500, '2024-04-21', '', 1),
(279, 46, 36, 0, 16500, '2024-05-21', '', 1),
(280, 46, 36, 0, 16500, '2024-06-21', '', 1),
(281, 46, 36, 0, 16500, '2024-07-21', '', 1),
(282, 46, 36, 0, 16500, '2024-08-21', '', 1),
(283, 46, 36, 0, 16500, '2024-09-16', '', 1),
(284, 48, 38, 0, 9850, '2024-02-02', '', 1),
(285, 48, 38, 0, 9850, '2024-03-02', '', 1),
(286, 48, 38, 0, 9850, '2024-04-02', '', 1),
(287, 48, 38, 0, 9850, '2024-05-02', '', 1),
(288, 48, 38, 0, 9850, '2024-06-02', '', 1),
(289, 48, 38, 0, 9850, '2024-07-02', '', 1),
(290, 48, 38, 0, 9850, '2024-08-02', '', 1),
(291, 48, 38, 0, 9850, '2024-09-02', '', 1),
(292, 49, 39, 0, 9800, '2024-01-27', '', 1),
(293, 49, 39, 0, 9800, '2024-02-27', '', 1),
(294, 49, 39, 0, 9800, '2024-03-27', '', 1),
(295, 49, 39, 0, 9800, '2024-04-27', '', 1),
(296, 49, 39, 0, 9800, '2024-05-27', '', 1),
(297, 49, 39, 0, 9800, '2024-06-27', '', 1),
(298, 49, 39, 0, 9800, '2024-07-27', '', 1),
(299, 49, 39, 0, 9800, '2024-08-27', '', 1),
(300, 49, 39, 0, 9800, '2024-09-27', '', 1),
(301, 38, 28, 0, 9000, '2024-09-24', '', 1),
(302, 74, 85, 0, 9800, '2024-09-16', '', 1),
(303, 74, 86, 0, 200, '2024-09-16', '', 1),
(304, 43, 33, 0, 17500, '2024-03-01', '', 1),
(305, 43, 33, 0, 17500, '2024-04-01', '', 1),
(306, 43, 33, 0, 17500, '2024-05-01', '', 1),
(307, 43, 33, 0, 17500, '2024-06-01', '', 1),
(308, 43, 33, 0, 17500, '2024-07-01', '', 1),
(309, 76, 89, 0, 13300, '2024-02-22', '', 1),
(310, 76, 90, 0, 200, '2024-02-22', '', 1),
(311, 76, 89, 0, 13300, '2024-03-15', '', 1),
(312, 76, 90, 0, 200, '2024-03-15', '', 1),
(313, 76, 89, 0, 13300, '2024-04-15', '', 1),
(314, 76, 90, 0, 200, '2024-04-15', '', 1),
(315, 76, 89, 0, 13300, '2024-05-15', '', 1),
(316, 76, 90, 0, 200, '2024-05-15', '', 1),
(317, 76, 89, 0, 13300, '2024-06-15', '', 1),
(318, 76, 90, 0, 200, '2024-06-15', '', 1),
(319, 76, 89, 0, 13300, '2024-07-15', '', 1),
(320, 76, 89, 0, 13300, '2024-08-15', '', 1),
(321, 76, 90, 0, 200, '2024-07-15', '', 1),
(322, 76, 90, 0, 200, '2024-08-15', '', 1),
(323, 76, 89, 0, 13300, '2024-09-15', '', 1),
(324, 76, 90, 0, 200, '2024-09-15', '', 1),
(327, 21, 53, 0, 1, '2024-06-13', '', 1),
(328, 21, 53, 0, 1, '2024-07-13', '', 1),
(329, 21, 11, 0, 8500, '2024-09-13', '', 1),
(330, 22, 12, 0, 8400, '2024-09-12', '', 1),
(331, 22, 56, 0, 200, '2024-09-12', '', 1),
(332, 24, 14, 0, 7800, '2024-09-15', '', 1),
(333, 24, 57, 0, 200, '2024-09-15', '', 1),
(334, 27, 17, 0, 8500, '2024-09-08', '', 1),
(335, 27, 59, 0, 200, '2024-09-08', '', 1),
(336, 28, 60, 0, 200, '2024-02-10', '', 1),
(337, 28, 62, 0, 1, '2024-02-10', '', 1),
(338, 28, 60, 0, 200, '2024-03-10', '', 1),
(339, 28, 62, 0, 1, '2024-03-10', '', 1),
(340, 28, 60, 0, 200, '2024-04-10', '', 1),
(341, 28, 60, 0, 200, '2024-05-10', '', 1),
(342, 28, 60, 0, 200, '2024-06-10', '', 1),
(343, 28, 60, 0, 200, '2024-07-10', '', 1),
(344, 28, 60, 0, 200, '2024-08-10', '', 1),
(345, 28, 18, 0, 8500, '2024-09-10', '', 1),
(346, 28, 60, 0, 200, '2024-09-10', '', 1),
(347, 37, 27, 0, 15500, '2024-10-15', '', 1),
(348, 36, 26, 0, 13500, '2023-09-15', '', 1),
(349, 36, 26, 0, 13500, '2023-10-15', '', 1),
(350, 36, 26, 0, 13500, '2023-11-15', '', 1),
(351, 36, 26, 0, 13500, '2023-12-15', '', 1),
(352, 36, 26, 0, 13500, '2024-01-15', '', 1),
(353, 36, 26, 0, 13500, '2024-02-15', '', 1),
(354, 36, 26, 0, 13500, '2024-03-15', '', 1),
(355, 36, 26, 0, 13500, '2024-04-15', '', 1),
(356, 36, 26, 0, 13500, '2024-05-15', '', 1),
(357, 36, 26, 0, 13500, '2024-06-15', '', 1),
(358, 36, 26, 0, 13500, '2024-07-15', '', 1),
(359, 36, 26, 0, 13500, '2024-08-15', '', 1),
(360, 40, 30, 0, 9500, '2023-11-22', '', 1),
(361, 40, 30, 0, 9500, '2023-12-22', '', 1),
(362, 40, 30, 0, 9500, '2024-01-22', '', 1),
(363, 40, 30, 0, 9500, '2024-02-22', '', 1),
(364, 40, 30, 0, 9500, '2024-03-22', '', 1),
(365, 40, 30, 0, 9500, '2024-04-22', '', 1),
(366, 40, 30, 0, 9500, '2024-05-22', '', 1),
(367, 40, 30, 0, 9500, '2024-07-22', '', 1),
(368, 40, 30, 0, 9500, '2024-08-22', '', 1),
(369, 40, 30, 0, 9500, '2024-09-22', '', 1),
(370, 78, 92, 0, 9800, '2024-10-01', '', 1),
(371, 78, 93, 0, 200, '2024-10-01', '', 1),
(372, 78, 92, 0, 9800, '2024-11-01', '', 1),
(373, 78, 93, 0, 200, '2024-11-01', '', 1),
(374, 78, 92, 0, 9800, '2024-12-01', '', 1),
(375, 78, 93, 0, 200, '2024-12-01', '', 1),
(376, 78, 92, 0, 9800, '2025-01-01', '', 1),
(377, 78, 93, 0, 200, '2025-01-01', '', 1),
(378, 71, 80, 0, 9800, '2024-10-01', '', 1),
(379, 71, 81, 0, 200, '2024-10-01', '', 1),
(380, 71, 80, 0, 9800, '2024-11-01', '', 1),
(381, 71, 81, 0, 200, '2024-11-01', '', 1),
(382, 71, 80, 0, 9800, '2024-12-01', '', 1),
(383, 71, 81, 0, 200, '2024-12-01', '', 1),
(384, 71, 80, 0, 9800, '2025-01-01', '', 1),
(385, 71, 81, 0, 200, '2025-01-01', '', 1),
(386, 41, 31, 0, 9850, '2024-10-21', '', 1),
(387, 41, 31, 0, 9850, '2024-11-21', '', 1),
(388, 75, 88, 0, 200, '2024-08-26', '', 1),
(389, 75, 88, 0, 200, '2024-08-26', '', 1),
(390, 75, 87, 0, 16500, '2024-08-26', '', 1),
(391, 75, 88, 0, 200, '2024-09-26', '', 1),
(392, 75, 87, 0, 16500, '2024-09-26', '', 1),
(393, 75, 88, 0, 200, '2024-10-26', '', 1),
(394, 75, 87, 0, 16500, '2024-10-26', '', 1),
(395, 75, 88, 0, 200, '2024-11-26', '', 1),
(396, 75, 87, 0, 16500, '2024-11-26', '', 1),
(397, 75, 88, 0, 200, '2024-12-26', '', 1),
(398, 75, 87, 0, 16500, '2024-12-26', '', 1),
(399, 79, 94, 0, 12500, '2024-10-18', '', 1),
(400, 79, 95, 0, 200, '2024-10-18', '', 1),
(401, 79, 94, 0, 12500, '2024-11-18', '', 1),
(402, 79, 95, 0, 200, '2024-11-18', '', 1),
(403, 79, 94, 0, 12500, '2024-12-18', '', 1),
(404, 79, 95, 0, 200, '2024-12-18', '', 1),
(405, 45, 35, 0, 11400, '2024-02-15', '', 1),
(406, 45, 35, 0, 11400, '2024-03-15', '', 1),
(407, 45, 35, 0, 11400, '2024-04-15', '', 1),
(408, 45, 35, 0, 11400, '2024-05-15', '', 1),
(409, 45, 35, 0, 11400, '2024-06-15', '', 1),
(410, 45, 35, 0, 11400, '2024-07-15', '', 1),
(411, 46, 36, 0, 16500, '2024-10-15', '', 1),
(412, 46, 36, 0, 16500, '2024-11-15', '', 1),
(413, 46, 36, 0, 16500, '2024-12-15', '', 1),
(414, 80, 0, 6, 3600, '2025-01-01', '', 1),
(415, 81, 97, 0, 12500, '2024-11-01', '', 1),
(416, 81, 98, 0, 200, '2024-11-01', '', 1),
(417, 81, 97, 0, 12500, '2024-12-01', '', 1),
(418, 81, 98, 0, 200, '2024-12-01', '', 1),
(419, 48, 38, 0, 9850, '2024-10-01', '', 1),
(420, 48, 38, 0, 9850, '2024-11-01', '', 1),
(421, 48, 38, 0, 9850, '2025-01-01', '', 1),
(422, 48, 38, 0, 9850, '2024-12-01', '', 1),
(423, 82, 99, 0, 10000, '2024-11-17', '', 1),
(424, 82, 99, 0, 10000, '2024-12-17', '', 1),
(425, 74, 85, 0, 9800, '2024-10-15', '', 1),
(426, 74, 86, 0, 200, '2024-10-15', '', 1),
(427, 74, 85, 0, 9800, '2024-11-15', '', 1),
(428, 74, 86, 0, 200, '2024-11-15', '', 1),
(429, 74, 85, 0, 9800, '2024-12-15', '', 1),
(430, 74, 86, 0, 200, '2024-12-15', '', 1),
(431, 52, 42, 0, 8500, '2024-12-15', '', 1),
(432, 52, 42, 0, 8500, '2024-02-15', '', 1),
(433, 52, 42, 0, 8500, '2024-03-15', '', 1),
(434, 52, 42, 0, 8500, '2024-04-15', '', 1),
(435, 52, 42, 0, 8500, '2024-08-15', '', 1),
(436, 52, 42, 0, 8500, '2024-10-15', '', 1),
(437, 52, 42, 0, 8500, '2024-06-15', '', 1),
(438, 52, 42, 0, 8500, '2024-05-15', '', 1),
(439, 52, 42, 0, 8500, '2024-07-15', '', 1),
(440, 52, 42, 0, 8500, '2024-09-15', '', 1),
(441, 52, 42, 0, 8500, '2024-11-15', '', 1),
(442, 83, 100, 0, 16500, '2024-09-15', '', 1),
(443, 83, 101, 0, 200, '2024-09-15', '', 1),
(444, 83, 100, 0, 16500, '2024-10-15', '', 1),
(445, 83, 101, 0, 200, '2024-10-15', '', 1),
(446, 83, 100, 0, 16500, '2024-11-15', '', 1),
(447, 83, 101, 0, 200, '2024-11-15', '', 1),
(448, 83, 100, 0, 16500, '2024-12-15', '', 1),
(449, 83, 101, 0, 200, '2024-12-15', '', 1),
(451, 73, 84, 0, 200, '2024-07-26', '', 1),
(454, 73, 84, 0, 200, '2024-10-26', '', 1),
(455, 73, 83, 0, 13000, '2024-10-26', '', 1),
(456, 73, 84, 0, 200, '2024-08-26', '', 1),
(457, 73, 84, 0, 200, '2024-09-26', '', 1),
(458, 73, 83, 0, 13000, '2024-11-26', '', 1),
(459, 73, 84, 0, 200, '2024-11-26', '', 1),
(460, 84, 102, 0, 57500, '2024-11-15', '', 1),
(461, 11, 1, 0, 17500, '2025-01-01', '', 1),
(462, 11, 1, 0, 17500, '2024-10-01', '', 1),
(463, 11, 1, 0, 17500, '2024-11-01', '', 1),
(464, 11, 1, 0, 17500, '2024-12-01', '', 1),
(465, 12, 2, 0, 6000, '2024-06-15', '', 1),
(466, 85, 103, 0, 17000, '2024-12-05', '', 1),
(467, 85, 103, 0, 17000, '2025-01-05', '', 1),
(468, 73, 83, 0, 13000, '2024-12-26', '', 1),
(469, 73, 84, 0, 200, '2024-12-26', '', 1),
(470, 73, 0, 0, 1300, '2025-01-14', 'Recargos', 1),
(471, 15, 5, 0, 8400, '2024-10-01', '', 1),
(472, 15, 54, 0, 200, '2024-10-01', '', 1),
(473, 15, 5, 0, 8400, '2024-11-01', '', 1),
(474, 15, 54, 0, 200, '2024-11-01', '', 1),
(475, 15, 5, 0, 8400, '2024-12-01', '', 1),
(476, 15, 54, 0, 200, '2024-12-01', '', 1),
(477, 16, 6, 0, 8800, '2024-02-01', '', 1),
(478, 16, 6, 0, 8800, '2024-03-01', '', 1),
(479, 16, 6, 0, 8800, '2024-04-01', '', 1),
(480, 16, 6, 0, 8800, '2024-05-01', '', 1),
(481, 16, 6, 0, 8800, '2024-06-01', '', 1),
(482, 16, 6, 0, 8800, '2024-07-01', '', 1),
(483, 64, 65, 0, 8800, '2024-09-01', '', 1),
(484, 64, 78, 0, 200, '2024-09-01', '', 1),
(485, 64, 65, 0, 8800, '2024-10-01', '', 1),
(486, 64, 78, 0, 200, '2024-10-01', '', 1),
(487, 17, 7, 0, 7500, '2023-09-01', '', 1),
(488, 17, 7, 0, 7500, '2023-10-01', '', 1),
(489, 17, 7, 0, 7500, '2024-06-01', '', 1),
(490, 17, 7, 0, 7500, '2023-11-01', '', 1),
(491, 17, 7, 0, 7500, '2024-01-01', '', 1),
(492, 17, 7, 0, 7500, '2023-12-01', '', 1),
(493, 17, 7, 0, 7500, '2024-04-01', '', 1),
(494, 17, 7, 0, 7500, '2024-02-01', '', 1),
(495, 17, 7, 0, 7500, '2024-03-01', '', 1),
(496, 17, 7, 0, 7500, '2024-05-01', '', 1),
(498, 86, 104, 0, 8300, '2024-12-15', '', 1),
(499, 86, 104, 0, 8300, '2024-11-15', '', 1),
(500, 86, 104, 0, 8300, '2024-10-15', '', 1),
(501, 86, 104, 0, 8300, '2024-09-15', '', 1),
(502, 86, 104, 0, 8300, '2024-08-15', '', 1),
(503, 65, 66, 0, 14500, '2024-10-08', '', 1),
(504, 65, 77, 0, 200, '2024-10-08', '', 1),
(505, 65, 66, 0, 14500, '2024-11-08', '', 1),
(506, 65, 77, 0, 200, '2024-11-08', '', 1),
(507, 65, 66, 0, 14500, '2024-12-08', '', 1),
(508, 65, 77, 0, 200, '2024-12-08', '', 1),
(511, 19, 9, 0, 13820, '2024-10-01', '', 1),
(512, 19, 55, 0, 200, '2024-10-01', '', 1),
(513, 19, 9, 0, 13820, '2024-11-01', '', 1),
(514, 19, 55, 0, 200, '2024-11-01', '', 1),
(515, 19, 9, 0, 13820, '2024-12-01', '', 1),
(516, 19, 55, 0, 200, '2024-12-01', '', 1),
(517, 19, 9, 0, 13820, '2025-01-01', '', 1),
(518, 19, 55, 0, 200, '2025-01-01', '', 1),
(519, 76, 89, 0, 13300, '2024-10-15', '', 1),
(520, 76, 90, 0, 200, '2024-10-15', '', 1),
(521, 76, 89, 0, 13300, '2024-11-15', '', 1),
(522, 76, 90, 0, 200, '2024-11-15', '', 1),
(523, 76, 89, 0, 13300, '2024-12-15', '', 1),
(524, 21, 11, 0, 8500, '2024-10-13', '', 1),
(525, 21, 52, 0, 200, '2024-10-13', '', 1),
(526, 21, 11, 0, 8500, '2024-11-13', '', 1),
(527, 21, 52, 0, 200, '2024-11-13', '', 1),
(528, 21, 11, 0, 8500, '2024-12-13', '', 1),
(529, 21, 52, 0, 200, '2024-12-13', '', 1),
(530, 77, 91, 0, 8600, '2024-10-15', '', 1),
(531, 77, 91, 0, 8600, '2024-11-15', '', 1),
(532, 77, 91, 0, 8600, '2024-12-15', '', 1),
(533, 77, 105, 0, 200, '2024-10-15', '', 1),
(534, 77, 105, 0, 200, '2024-11-15', '', 1),
(535, 77, 105, 0, 200, '2024-12-15', '', 1),
(536, 24, 14, 0, 7800, '2024-10-15', '', 1),
(537, 24, 57, 0, 200, '2024-10-15', '', 1),
(538, 24, 14, 0, 7800, '2024-11-15', '', 1),
(539, 24, 57, 0, 200, '2024-11-15', '', 1),
(540, 24, 14, 0, 7800, '2024-12-15', '', 1),
(541, 24, 57, 0, 200, '2024-12-15', '', 1),
(542, 23, 13, 0, 13500, '2023-07-01', '', 1),
(543, 23, 13, 0, 13500, '2023-09-01', '', 1),
(544, 23, 13, 0, 13500, '2023-08-01', '', 1),
(545, 23, 13, 0, 13500, '2023-10-01', '', 1),
(546, 23, 13, 0, 13500, '2023-11-01', '', 1),
(547, 23, 13, 0, 13500, '2023-12-01', '', 1),
(548, 23, 13, 0, 13500, '2024-01-01', '', 1),
(549, 23, 13, 0, 13500, '2024-02-01', '', 1),
(550, 23, 13, 0, 13500, '2024-03-01', '', 1),
(551, 23, 13, 0, 13500, '2024-04-01', '', 1),
(552, 23, 13, 0, 13500, '2024-05-01', '', 1),
(553, 23, 13, 0, 13500, '2024-06-01', '', 1),
(554, 87, 106, 0, 14000, '2024-07-01', '', 1),
(555, 87, 106, 0, 14000, '2024-08-01', '', 1),
(556, 87, 106, 0, 14000, '2024-09-01', '', 1),
(557, 87, 106, 0, 14000, '2024-10-01', '', 1),
(558, 87, 106, 0, 14000, '2024-11-01', '', 1),
(559, 87, 106, 0, 14000, '2024-12-01', '', 1),
(560, 25, 15, 0, 14000, '2024-11-10', '', 1),
(561, 25, 58, 0, 200, '2024-10-10', '', 1),
(562, 25, 15, 0, 14000, '2024-10-10', '', 1),
(563, 25, 58, 0, 200, '2024-11-10', '', 1),
(564, 25, 15, 0, 14000, '2024-12-10', '', 1),
(565, 25, 58, 0, 200, '2024-12-10', '', 1),
(566, 26, 16, 0, 14000, '2023-10-01', '', 1),
(567, 26, 16, 0, 14000, '2023-11-01', '', 1),
(568, 26, 16, 0, 14000, '2023-12-01', '', 1),
(569, 26, 16, 0, 14000, '2024-01-01', '', 1),
(570, 26, 16, 0, 14000, '2024-02-01', '', 1),
(571, 26, 16, 0, 14000, '2024-03-01', '', 1),
(572, 26, 16, 0, 14000, '2024-04-01', '', 1),
(573, 26, 16, 0, 14000, '2024-05-01', '', 1),
(574, 26, 16, 0, 14000, '2024-06-01', '', 1),
(575, 26, 16, 0, 14000, '2024-07-01', '', 1),
(576, 26, 16, 0, 14000, '2024-08-01', '', 1),
(577, 26, 16, 0, 14000, '2024-09-01', '', 1),
(578, 26, 16, 0, 14000, '2024-10-14', '', 1),
(583, 89, 111, 0, 8700, '2024-12-08', '', 1),
(584, 89, 112, 0, 200, '2024-12-08', '', 1),
(585, 89, 111, 0, 8700, '2025-01-08', '', 1),
(586, 89, 112, 0, 200, '2025-01-08', '', 1),
(587, 86, 113, 0, 200, '2024-09-01', '', 1),
(588, 86, 113, 0, 200, '2024-10-01', '', 1),
(589, 86, 113, 0, 200, '2024-11-01', '', 1),
(590, 86, 113, 0, 200, '2024-12-01', '', 1),
(591, 28, 18, 0, 8500, '2024-10-15', '', 1),
(592, 28, 60, 0, 200, '2024-10-15', '', 1),
(593, 28, 18, 0, 8500, '2024-11-15', '', 1),
(594, 28, 60, 0, 200, '2024-11-15', '', 1),
(595, 28, 18, 0, 8500, '2024-12-15', '', 1),
(596, 28, 60, 0, 200, '2024-12-15', '', 1),
(597, 29, 61, 0, 200, '2024-09-15', '', 1),
(598, 29, 19, 0, 7800, '2024-09-15', '', 1),
(599, 29, 19, 0, 7800, '2024-10-15', '', 1),
(600, 29, 61, 0, 200, '2024-10-15', '', 1),
(601, 29, 19, 0, 7800, '2024-11-15', '', 1),
(602, 29, 61, 0, 200, '2024-11-15', '', 1),
(603, 29, 19, 0, 7800, '2024-12-15', '', 1),
(604, 29, 61, 0, 200, '2024-12-15', '', 1),
(605, 62, 63, 0, 12600, '2024-09-15', '', 1),
(606, 62, 76, 0, 200, '2024-09-15', '', 1),
(607, 62, 110, 0, 1000, '2024-09-15', '', 1),
(608, 62, 63, 0, 12600, '2024-10-15', '', 1),
(609, 62, 76, 0, 200, '2024-10-15', '', 1),
(610, 62, 110, 0, 1000, '2024-10-15', '', 1),
(611, 62, 63, 0, 12600, '2024-11-15', '', 1),
(612, 62, 76, 0, 200, '2024-11-15', '', 1),
(613, 62, 110, 0, 1000, '2024-11-15', '', 1),
(614, 62, 63, 0, 12600, '2024-12-15', '', 1),
(615, 62, 76, 0, 200, '2024-12-15', '', 1),
(616, 62, 110, 0, 1000, '2024-12-15', '', 1),
(617, 66, 67, 0, 14400, '2024-07-01', '', 1),
(618, 66, 75, 0, 200, '2024-07-01', '', 1),
(619, 66, 67, 0, 14400, '2024-08-01', '', 1),
(620, 66, 75, 0, 200, '2024-08-01', '', 1),
(621, 66, 67, 0, 14400, '2024-09-01', '', 1),
(622, 66, 75, 0, 200, '2024-09-01', '', 1),
(623, 66, 67, 0, 14400, '2024-10-01', '', 1),
(624, 66, 75, 0, 200, '2024-10-01', '', 1),
(625, 66, 67, 0, 14400, '2024-11-01', '', 1),
(626, 66, 75, 0, 200, '2024-11-01', '', 1),
(627, 66, 67, 0, 14400, '2024-12-01', '', 1),
(628, 66, 75, 0, 200, '2024-12-01', '', 1),
(629, 67, 68, 0, 13400, '2024-12-15', '', 1),
(630, 67, 71, 0, 200, '2024-12-15', '', 1),
(631, 67, 68, 0, 13400, '2024-10-15', '', 1),
(632, 67, 71, 0, 200, '2024-10-15', '', 1),
(633, 67, 68, 0, 13400, '2024-11-15', '', 1),
(634, 67, 71, 0, 200, '2024-11-15', '', 1),
(635, 68, 69, 0, 8800, '2024-09-15', '', 1),
(636, 68, 74, 0, 200, '2024-09-15', '', 1),
(637, 68, 69, 0, 8800, '2024-12-15', '', 1),
(638, 68, 74, 0, 200, '2024-12-15', '', 1),
(639, 68, 69, 0, 8800, '2025-01-15', '', 1),
(640, 68, 74, 0, 200, '2025-01-15', '', 1),
(641, 68, 69, 0, 8800, '2024-11-15', '', 1),
(642, 68, 74, 0, 200, '2024-11-15', '', 1),
(643, 68, 69, 0, 8800, '2024-10-15', '', 1),
(644, 68, 74, 0, 200, '2024-10-15', '', 1),
(645, 69, 70, 0, 8400, '2024-09-01', '', 1),
(646, 69, 73, 0, 200, '2024-09-01', '', 1),
(647, 69, 70, 0, 8400, '2024-10-01', '', 1),
(648, 69, 73, 0, 200, '2024-10-01', '', 1),
(649, 69, 70, 0, 8400, '2024-11-01', '', 1),
(650, 69, 73, 0, 200, '2024-11-01', '', 1),
(651, 69, 70, 0, 8400, '2024-12-01', '', 1),
(652, 69, 73, 0, 200, '2024-12-01', '', 1),
(653, 34, 24, 0, 8500, '2023-12-05', '', 1),
(654, 34, 24, 0, 8500, '2024-01-05', '', 1),
(655, 34, 24, 0, 8500, '2024-02-05', '', 1),
(656, 34, 24, 0, 8500, '2024-03-05', '', 1),
(657, 34, 24, 0, 8500, '2024-04-05', '', 1),
(658, 34, 24, 0, 8500, '2024-05-05', '', 1),
(659, 34, 24, 0, 8500, '2024-06-05', '', 1),
(660, 34, 24, 0, 8500, '2024-07-05', '', 1),
(661, 90, 114, 0, 8500, '2024-08-01', '', 1),
(662, 90, 114, 0, 8500, '2024-09-01', '', 1),
(663, 90, 114, 0, 8500, '2024-10-01', '', 1),
(664, 90, 114, 0, 600, '2024-08-01', 'Mantenimiento ', 1),
(665, 91, 115, 0, 8500, '2024-11-01', '', 1),
(666, 91, 116, 0, 200, '2024-11-01', '', 1),
(667, 91, 115, 0, 8500, '2024-12-01', '', 1),
(668, 91, 116, 0, 200, '2024-12-01', '', 1),
(669, 91, 115, 0, 8500, '2025-01-01', '', 1),
(670, 91, 116, 0, 200, '2025-01-01', '', 1),
(671, 58, 48, 0, 2250, '2024-10-01', '', 1),
(672, 58, 48, 0, 2250, '2024-11-01', '', 1),
(673, 58, 48, 0, 2250, '2024-12-01', '', 1),
(674, 60, 50, 0, 2112, '2024-10-15', '', 1),
(675, 60, 50, 0, 2112, '2024-11-15', '', 1),
(676, 60, 50, 0, 2112, '2024-12-15', '', 1),
(677, 53, 0, 0, 1848, '2024-03-01', '', 1),
(678, 53, 43, 0, 1848, '2024-10-01', '', 1),
(679, 53, 43, 0, 1848, '2024-11-01', '', 1),
(680, 53, 43, 0, 1848, '2024-12-01', '', 1),
(681, 93, 118, 0, 6500, '2024-07-01', '', 1),
(682, 93, 118, 0, 6500, '2024-08-01', '', 1),
(683, 93, 118, 0, 6500, '2024-09-01', '', 1),
(684, 93, 118, 0, 6500, '2024-10-01', '', 1),
(685, 93, 118, 0, 6500, '2024-11-01', '', 1),
(686, 93, 118, 0, 6500, '2024-12-01', '', 1),
(687, 93, 118, 0, 6500, '2024-06-04', '', 1),
(688, 93, 118, 0, 6500, '2025-01-04', '', 1),
(689, 95, 120, 0, 70000, '2023-09-25', '', 1),
(690, 95, 120, 0, 70000, '2023-10-25', '', 1),
(691, 95, 120, 0, 70000, '2024-01-25', '', 1),
(692, 95, 120, 0, 70000, '2023-12-25', '', 1),
(693, 95, 120, 0, 70000, '2023-11-25', '', 1),
(694, 95, 120, 0, 70000, '2024-05-25', '', 1),
(695, 95, 120, 0, 70000, '2024-02-25', '', 1),
(696, 95, 120, 0, 70000, '2024-04-25', '', 1),
(697, 95, 120, 0, 70000, '2024-03-25', '', 1),
(698, 95, 120, 0, 70000, '2024-06-25', '', 1),
(699, 95, 120, 0, 70000, '2024-08-25', '', 1),
(700, 95, 120, 0, 70000, '2024-07-25', '', 1),
(701, 96, 121, 0, 73150, '2024-09-25', '', 1),
(702, 96, 121, 0, 73150, '2024-10-25', '', 1),
(703, 96, 121, 0, 73150, '2024-11-25', '', 1),
(704, 96, 121, 0, 73150, '2024-12-25', '', 1),
(705, 94, 119, 0, 21500, '2024-05-15', '', 1),
(706, 94, 119, 0, 21500, '2024-06-15', '', 1),
(707, 94, 119, 0, 21500, '2024-07-15', '', 1),
(708, 94, 119, 0, 21500, '2024-08-15', '', 1),
(709, 94, 119, 0, 21500, '2024-09-15', '', 1),
(710, 94, 119, 0, 21500, '2024-10-15', '', 1),
(711, 94, 119, 0, 21500, '2024-11-15', '', 1),
(712, 94, 119, 0, 21500, '2024-12-15', '', 1),
(713, 92, 117, 0, 15000, '2024-11-15', '', 1),
(714, 86, 104, 0, 8300, '2025-01-01', '', 1),
(715, 86, 113, 0, 200, '2025-01-01', '', 1),
(716, 98, 0, 7, 6000, '2025-01-01', '', 1),
(717, 77, 91, 0, 8600, '2025-01-15', '', 1),
(718, 77, 105, 0, 200, '2025-01-15', '', 1),
(719, 21, 11, 0, 8500, '2025-01-13', '', 1),
(720, 21, 52, 0, 200, '2025-01-13', '', 1),
(721, 28, 18, 0, 8500, '2025-01-15', '', 1),
(722, 28, 60, 0, 200, '2025-01-15', '', 1),
(723, 29, 19, 0, 7800, '2025-01-15', '', 1),
(724, 29, 61, 0, 200, '2025-01-15', '', 1),
(725, 52, 42, 0, 8500, '2025-01-15', '', 1),
(726, 92, 117, 0, 15000, '2024-12-15', '', 1),
(727, 92, 117, 0, 8600, '2025-01-15', 'Pendiente 6400', 1),
(728, 99, 124, 0, 17500, '2024-08-15', '', 1),
(729, 99, 124, 0, 17500, '2024-09-15', '', 1),
(730, 99, 124, 0, 17500, '2024-10-15', '', 1),
(731, 99, 124, 0, 17500, '2024-11-15', '', 1),
(732, 99, 124, 0, 17500, '2024-12-15', '', 1),
(733, 99, 124, 0, 17500, '2025-01-18', '', 1),
(734, 69, 70, 0, 8400, '2025-01-01', '', 1),
(735, 69, 73, 0, 200, '2025-01-01', '', 1),
(736, 62, 63, 0, 12600, '2025-01-15', '', 1),
(737, 62, 76, 0, 200, '2025-01-15', '', 1),
(738, 62, 110, 0, 1000, '2025-01-15', '', 1),
(739, 31, 21, 0, 168000, '2023-06-26', '', 1),
(740, 31, 21, 0, 14000, '2023-07-26', '', 1),
(741, 31, 21, 0, 14000, '2023-08-26', '', 1),
(742, 31, 21, 0, 14000, '2023-09-26', '', 1),
(743, 31, 21, 0, 14000, '2023-10-26', '', 1),
(744, 31, 21, 0, 14000, '2023-11-26', '', 1),
(745, 31, 21, 0, 14000, '2023-12-26', '', 1),
(746, 31, 21, 0, 14000, '2024-01-26', '', 1),
(747, 31, 21, 0, 14000, '2024-02-26', '', 1),
(748, 31, 21, 0, 14000, '2024-03-26', '', 1),
(749, 31, 21, 0, 14000, '2024-04-26', '', 1),
(750, 31, 21, 0, 14000, '2024-05-26', '', 1),
(751, 39, 29, 0, 9000, '2023-07-01', '', 1),
(752, 39, 29, 0, 9000, '2023-08-01', '', 1),
(753, 39, 29, 0, 9000, '2023-09-01', '', 1),
(754, 39, 29, 0, 9000, '2023-10-01', '', 1),
(755, 39, 29, 0, 9000, '2023-11-01', '', 1),
(756, 39, 29, 0, 9000, '2024-01-01', '', 1),
(757, 39, 29, 0, 9000, '2023-12-01', '', 1),
(758, 39, 29, 0, 9000, '2024-02-01', '', 1),
(759, 39, 29, 0, 9000, '2024-03-01', '', 1),
(760, 39, 29, 0, 9000, '2024-04-01', '', 1),
(761, 39, 29, 0, 9000, '2024-05-01', '', 1),
(762, 39, 29, 0, 9000, '2024-06-01', '', 1),
(763, 100, 125, 0, 14500, '2024-12-15', '', 1),
(764, 100, 126, 0, 200, '2024-12-15', '', 1),
(765, 100, 125, 0, 14500, '2025-01-15', '', 1),
(767, 13, 3, 0, 12000, '2024-06-01', '', 1),
(768, 13, 3, 0, 12000, '2024-07-01', '', 1),
(769, 13, 3, 0, 12000, '2024-08-01', '', 1),
(770, 13, 3, 0, 12000, '2024-09-01', '', 1),
(771, 13, 3, 0, 12000, '2024-10-01', '', 1),
(772, 13, 3, 0, 12000, '2024-11-01', '', 1),
(773, 101, 127, 0, 14500, '2025-01-05', '', 1),
(774, 101, 127, 0, 14500, '2024-12-05', '', 1),
(775, 102, 128, 0, 8800, '2025-01-17', '', 1),
(776, 102, 129, 0, 200, '2025-01-17', '', 1),
(777, 103, 131, 0, 200, '2025-01-17', '', 1),
(778, 103, 130, 0, 14000, '2025-01-17', '', 1),
(779, 65, 66, 0, 14500, '2025-01-08', '', 1),
(780, 65, 77, 0, 200, '2025-01-08', '', 1),
(782, 25, 107, 0, 1000, '2024-06-10', '', 1),
(783, 25, 107, 0, 1000, '2024-07-10', '', 1),
(784, 25, 107, 0, 1000, '2024-08-10', '', 1),
(785, 25, 107, 0, 1000, '2024-09-10', '', 1),
(786, 25, 107, 0, 1000, '2024-10-10', '', 1),
(787, 25, 107, 0, 1000, '2024-11-10', '', 1),
(788, 25, 107, 0, 1000, '2024-12-10', '', 1),
(789, 25, 15, 0, 14000, '2025-01-10', '', 1),
(790, 88, 108, 0, 13500, '2024-12-01', '', 1),
(791, 88, 109, 0, 200, '2024-12-01', '', 1),
(792, 88, 108, 0, 13500, '2025-01-01', '', 1),
(793, 88, 109, 0, 200, '2025-01-01', '', 1),
(794, 66, 67, 0, 14400, '2025-01-01', '', 1),
(795, 66, 75, 0, 200, '2025-01-01', '', 1),
(796, 67, 68, 0, 13400, '2025-01-15', '', 1),
(797, 67, 71, 0, 200, '2025-01-15', '', 1),
(798, 97, 122, 0, 14100, '2024-02-15', '', 1),
(799, 97, 132, 0, 200, '2024-02-15', '', 1),
(801, 97, 132, 0, 200, '2024-03-15', '', 1),
(802, 97, 122, 0, 14100, '2024-03-15', '', 1),
(803, 97, 122, 0, 14100, '2024-01-16', '', 1),
(804, 97, 132, 0, 200, '2024-01-16', '', 1),
(805, 97, 122, 0, 14100, '2024-05-16', '', 1),
(806, 97, 122, 0, 14100, '2024-04-16', '', 1),
(807, 97, 132, 0, 200, '2024-04-16', '', 1),
(808, 97, 132, 0, 200, '2024-05-16', '', 1),
(809, 97, 122, 0, 14100, '2024-06-16', '', 1),
(810, 97, 132, 0, 200, '2024-06-16', '', 1),
(811, 97, 122, 0, 14100, '2024-07-16', '', 1),
(812, 97, 132, 0, 200, '2024-07-16', '', 1),
(813, 97, 122, 0, 14100, '2024-08-16', '', 1),
(814, 97, 132, 0, 200, '2024-08-16', '', 1),
(815, 97, 122, 0, 14100, '2024-09-16', '', 1),
(816, 97, 132, 0, 200, '2024-09-16', '', 1),
(817, 97, 122, 0, 14100, '2024-10-16', '', 1),
(818, 97, 132, 0, 200, '2024-10-16', '', 1),
(819, 97, 122, 0, 14100, '2024-11-16', '', 1),
(820, 97, 132, 0, 200, '2024-11-16', '', 1),
(821, 97, 122, 0, 14100, '2024-12-16', '', 1),
(822, 97, 132, 0, 200, '2024-12-16', '', 1),
(823, 97, 122, 0, 14100, '2025-01-16', '', 1),
(824, 97, 132, 0, 200, '2025-01-16', '', 1),
(826, 62, 63, 0, 12600, '2025-02-15', '', 1),
(827, 62, 76, 0, 200, '2025-02-15', '', 1),
(828, 62, 110, 0, 1000, '2025-02-15', '', 1),
(829, 69, 70, 0, 8400, '2025-02-01', '', 1),
(830, 69, 73, 0, 200, '2025-02-01', '', 1),
(831, 91, 115, 0, 8500, '2025-02-01', '', 1),
(832, 91, 116, 0, 200, '2025-02-01', '', 1),
(833, 78, 92, 0, 9800, '2025-02-01', '', 1),
(834, 78, 93, 0, 200, '2025-02-01', '', 1),
(835, 71, 80, 0, 9800, '2025-02-01', '', 1),
(836, 71, 81, 0, 200, '2025-02-01', '', 1),
(837, 75, 87, 0, 16500, '2025-01-26', '', 1),
(838, 75, 88, 0, 200, '2025-01-26', '', 1),
(839, 97, 0, 0, 1400, '2025-02-04', 'Recargos', 1),
(840, 65, 66, 0, 14500, '2025-02-08', '', 1),
(841, 65, 77, 0, 200, '2025-02-08', '', 1),
(842, 77, 91, 0, 8600, '2025-02-15', '', 1),
(843, 77, 105, 0, 200, '2025-02-15', '', 1),
(844, 21, 11, 0, 8500, '2025-02-13', '', 1),
(845, 21, 52, 0, 200, '2025-02-13', '', 1),
(846, 25, 15, 0, 14000, '2025-02-10', '', 1),
(847, 25, 58, 0, 200, '2025-02-10', '', 1),
(848, 25, 107, 0, 1000, '2025-02-10', '', 1),
(849, 105, 133, 0, 14000, '2025-02-04', '', 1),
(850, 105, 134, 0, 200, '2025-02-04', '', 1),
(851, 106, 135, 0, 14300, '2025-02-01', '', 1),
(852, 106, 136, 0, 200, '2025-02-01', '', 1),
(853, 107, 137, 0, 11000, '2025-02-01', '', 1),
(854, 107, 138, 0, 200, '2025-02-01', '', 1),
(855, 74, 85, 0, 9800, '2025-02-15', '', 1),
(856, 74, 86, 0, 200, '2025-02-15', '', 1),
(857, 79, 94, 0, 12500, '2025-02-18', '', 1),
(858, 79, 95, 0, 200, '2025-02-18', '', 1),
(859, 67, 68, 0, 13400, '2025-02-15', '', 1),
(860, 67, 71, 0, 200, '2025-02-15', '', 1),
(861, 66, 67, 0, 14400, '2025-02-01', '', 1),
(862, 66, 75, 0, 200, '2025-02-01', '', 1),
(863, 29, 19, 0, 7800, '2025-02-15', '', 1),
(864, 29, 61, 0, 200, '2025-02-15', '', 1),
(865, 89, 111, 0, 8700, '2025-02-08', '', 1),
(866, 89, 112, 0, 200, '2025-02-08', '', 1),
(867, 100, 0, 0, 1450, '2025-01-20', 'Recargos Enero', 1),
(868, 109, 139, 0, 7800, '2025-02-17', '', 1),
(869, 109, 140, 0, 200, '2025-02-17', '', 1),
(870, 110, 141, 0, 8800, '2025-02-15', '', 1),
(871, 110, 142, 0, 200, '2025-02-15', '', 1),
(872, 111, 143, 0, 20000, '2025-02-15', '', 1),
(873, 112, 145, 0, 8800, '2025-02-10', '', 1),
(874, 112, 146, 0, 200, '2025-02-10', '', 1),
(875, 63, 64, 0, 14100, '2024-09-15', '', 1),
(876, 63, 72, 0, 200, '2024-09-15', '', 1),
(877, 63, 64, 0, 14100, '2024-10-15', '', 1),
(878, 63, 72, 0, 200, '2024-10-15', '', 1),
(879, 63, 64, 0, 14100, '2024-11-15', '', 1),
(880, 63, 72, 0, 200, '2024-11-15', '', 1),
(881, 63, 64, 0, 14100, '2024-12-15', '', 1),
(882, 63, 72, 0, 200, '2024-12-15', '', 1),
(883, 63, 64, 0, 14100, '2025-01-15', '', 1),
(884, 63, 72, 0, 200, '2025-01-15', '', 1),
(885, 106, 135, 0, 14300, '2025-03-01', '', 1),
(886, 106, 136, 0, 200, '2025-03-01', '', 1),
(887, 88, 108, 0, 13500, '2025-02-01', '', 1),
(888, 88, 109, 0, 200, '2025-02-01', '', 1),
(889, 88, 108, 0, 13500, '2025-03-01', '', 1),
(890, 88, 109, 0, 200, '2025-03-01', '', 1),
(891, 62, 63, 0, 12600, '2025-03-15', '', 1),
(892, 62, 76, 0, 200, '2025-03-15', '', 1),
(893, 62, 110, 0, 1000, '2025-03-15', '', 1),
(894, 68, 69, 0, 8800, '2025-02-15', '', 1),
(895, 68, 74, 0, 200, '2025-02-15', '', 1),
(896, 68, 69, 0, 8800, '2025-03-15', '', 1),
(897, 68, 74, 0, 200, '2025-03-15', '', 1),
(898, 69, 70, 0, 8400, '2025-03-01', '', 1),
(899, 69, 73, 0, 200, '2025-03-01', '', 1),
(900, 91, 115, 0, 8500, '2025-03-01', '', 1),
(901, 91, 116, 0, 200, '2025-03-01', '', 1),
(902, 105, 133, 0, 14000, '2025-03-04', '', 1),
(903, 105, 134, 0, 200, '2025-03-04', '', 1),
(904, 85, 103, 0, 17000, '2025-02-05', '', 1),
(905, 85, 103, 0, 17000, '2025-03-05', '', 1),
(906, 101, 127, 0, 14500, '2025-02-05', '', 1),
(907, 101, 127, 0, 14500, '2025-03-05', '', 1),
(908, 71, 80, 0, 9800, '2025-03-01', '', 1),
(909, 71, 81, 0, 200, '2025-03-01', '', 1),
(910, 75, 87, 0, 16500, '2025-02-26', '', 1),
(911, 75, 88, 0, 200, '2025-02-26', '', 1),
(912, 81, 97, 0, 12500, '2025-01-01', '', 1),
(913, 81, 98, 0, 200, '2025-03-01', '', 1),
(914, 81, 97, 0, 12500, '2025-01-01', '', 1),
(915, 81, 97, 0, 12500, '2025-02-01', '', 1),
(916, 81, 98, 0, 200, '2025-02-01', '', 1),
(917, 81, 97, 0, 12500, '2025-03-01', '', 1),
(918, 81, 0, 0, 1500, '2025-03-05', 'Recargos febrero ', 1),
(919, 107, 137, 0, 11000, '2025-03-01', '', 1),
(920, 107, 138, 0, 200, '2025-03-01', '', 1),
(921, 112, 145, 0, 8800, '2025-03-10', '', 1),
(922, 112, 146, 0, 200, '2025-03-10', '', 1),
(923, 111, 143, 0, 20000, '2025-03-15', '', 1),
(924, 111, 143, 0, 20000, '2025-04-15', '', 1),
(925, 85, 103, 0, 17000, '2025-04-05', '', 1),
(926, 101, 127, 0, 14500, '2025-04-05', '', 1),
(927, 115, 151, 0, 12000, '2025-03-01', '', 1),
(928, 115, 152, 0, 200, '2025-03-01', '', 1),
(929, 115, 151, 0, 12000, '2025-04-01', '', 1),
(930, 115, 152, 0, 200, '2025-04-01', '', 1),
(931, 78, 92, 0, 9800, '2025-03-01', '', 1),
(932, 78, 93, 0, 200, '2025-03-01', '', 1),
(933, 78, 92, 0, 9800, '2025-04-01', '', 1),
(934, 78, 93, 0, 200, '2025-04-01', '', 1),
(935, 71, 80, 0, 9800, '2025-04-01', '', 1),
(936, 71, 81, 0, 200, '2025-04-01', '', 1),
(937, 116, 153, 0, 9300, '2025-03-21', '', 1),
(938, 116, 154, 0, 200, '2025-03-21', '', 1),
(939, 116, 153, 0, 9300, '2025-04-21', '', 1),
(940, 116, 154, 0, 200, '2025-04-21', '', 1),
(941, 75, 87, 0, 16500, '2025-03-26', '', 1),
(942, 75, 88, 0, 200, '2025-03-26', '', 1),
(943, 79, 94, 0, 12500, '2025-01-18', '', 1),
(944, 79, 95, 0, 200, '2025-01-18', '', 1),
(945, 79, 94, 0, 12500, '2025-03-18', '', 1),
(946, 79, 95, 0, 200, '2025-03-18', '', 1),
(947, 117, 155, 0, 13500, '2025-02-22', '', 1),
(948, 117, 155, 0, 13500, '2025-03-22', '', 1),
(949, 117, 155, 0, 13500, '2025-04-22', '', 1),
(950, 117, 156, 0, 200, '2025-02-22', '', 1),
(951, 117, 156, 0, 200, '2025-03-22', '', 1),
(952, 117, 156, 0, 200, '2025-05-22', '', 1),
(953, 117, 156, 0, 200, '2025-04-22', '', 1),
(954, 81, 97, 0, 12500, '2025-04-01', '', 1),
(955, 81, 98, 0, 200, '2025-04-01', '', 1),
(956, 104, 149, 0, 10200, '2025-02-01', '', 1),
(957, 104, 150, 0, 200, '2025-02-01', '', 1),
(958, 104, 149, 0, 10200, '2025-03-01', '', 1),
(959, 104, 150, 0, 200, '2025-03-01', '', 1),
(960, 104, 149, 0, 10200, '2025-04-01', '', 1),
(961, 104, 150, 0, 200, '2025-04-01', '', 1),
(962, 104, 149, 0, 10200, '2025-05-01', '', 1),
(963, 104, 150, 0, 200, '2025-05-01', '', 1),
(964, 118, 157, 0, 9800, '2025-04-07', '', 1),
(965, 118, 158, 0, 200, '2025-04-07', '', 1),
(966, 119, 159, 0, 9800, '2025-03-18', '', 1),
(967, 119, 160, 0, 200, '2025-03-18', '', 1),
(968, 119, 159, 0, 9800, '2025-04-18', '', 1),
(969, 119, 160, 0, 200, '2025-04-18', '', 1),
(970, 119, 159, 0, 9800, '2025-03-18', '', 1),
(971, 74, 85, 0, 9800, '2025-01-15', '', 1),
(972, 74, 86, 0, 200, '2025-01-15', '', 1),
(973, 74, 85, 0, 9800, '2025-03-15', '', 1),
(974, 74, 86, 0, 200, '2025-03-15', '', 1),
(975, 74, 85, 0, 9800, '2025-04-15', '', 1),
(976, 74, 86, 0, 200, '2025-04-15', '', 1),
(977, 110, 141, 0, 8800, '2025-03-15', '', 1),
(978, 110, 142, 0, 200, '2025-03-15', '', 1),
(979, 110, 141, 0, 8800, '2025-04-15', '', 1),
(980, 110, 142, 0, 200, '2025-04-15', '', 1),
(981, 83, 100, 0, 16500, '2025-01-15', '', 1),
(982, 83, 101, 0, 200, '2025-01-15', '', 1),
(983, 83, 100, 0, 16500, '2025-02-15', '', 1),
(984, 83, 101, 0, 200, '2025-02-15', '', 1),
(985, 83, 100, 0, 16500, '2025-03-15', '', 1),
(986, 83, 101, 0, 200, '2025-03-15', '', 1),
(987, 83, 100, 0, 16500, '2025-04-15', '', 1),
(988, 83, 101, 0, 200, '2025-04-15', '', 1),
(989, 107, 137, 0, 11000, '2025-04-01', '', 1),
(990, 107, 138, 0, 200, '2025-04-01', '', 1),
(991, 73, 83, 0, 13000, '2025-01-26', '', 1),
(992, 73, 84, 0, 200, '2025-01-26', '', 1),
(993, 73, 83, 0, 13000, '2025-02-26', '', 1),
(994, 73, 84, 0, 200, '2025-02-26', '', 1),
(995, 73, 83, 0, 13000, '2025-03-26', '', 1),
(996, 73, 84, 0, 200, '2025-03-26', '', 1),
(997, 115, 151, 0, 12000, '2025-05-01', '', 1),
(998, 115, 152, 0, 200, '2025-05-01', '', 1),
(999, 120, 161, 0, 10000, '2025-05-15', '', 1),
(1000, 120, 162, 0, 200, '2025-05-15', '', 1),
(1001, 81, 0, 0, 1250, '2025-01-25', 'Recargo', 1),
(1002, 65, 0, 0, 1450, '2025-01-25', 'Recargos de enero', 1),
(1003, 100, 0, 0, 1450, '2025-02-17', 'Recargos de enero', 1),
(1004, 102, 128, 0, 8800, '2025-02-17', '', 1),
(1005, 102, 129, 0, 200, '2025-02-17', '', 1),
(1006, 102, 128, 0, 8800, '2025-03-17', '', 1),
(1007, 102, 129, 0, 200, '2025-03-17', '', 1),
(1008, 102, 128, 0, 8800, '2025-04-17', '', 1),
(1009, 102, 129, 0, 200, '2025-04-17', '', 1),
(1010, 112, 145, 0, 8800, '2025-04-10', '', 1),
(1011, 112, 146, 0, 200, '2025-04-10', '', 1),
(1012, 121, 163, 0, 7800, '2025-03-01', '', 1),
(1013, 121, 164, 0, 200, '2025-03-01', '', 1),
(1014, 121, 163, 0, 7800, '2025-04-01', '', 1),
(1015, 121, 164, 0, 200, '2025-04-01', '', 1),
(1016, 65, 66, 0, 14500, '2025-03-08', '', 1),
(1017, 65, 77, 0, 200, '2025-03-08', '', 1),
(1018, 65, 66, 0, 7500, '2025-04-08', '', 1),
(1019, 65, 77, 0, 200, '2025-04-08', '', 1),
(1020, 106, 135, 0, 14300, '2025-04-01', '', 1),
(1021, 106, 136, 0, 200, '2025-04-01', '', 1),
(1022, 106, 135, 0, 14300, '2025-05-01', '', 1),
(1023, 106, 136, 0, 200, '2025-05-01', '', 1),
(1024, 100, 126, 0, 200, '2025-01-15', '', 1),
(1025, 100, 125, 0, 14500, '2025-02-15', '', 1),
(1026, 100, 126, 0, 200, '2025-02-15', '', 1),
(1027, 100, 125, 0, 14500, '2025-03-15', '', 1),
(1028, 100, 126, 0, 200, '2025-03-15', '', 1),
(1029, 100, 125, 0, 14500, '2025-04-15', '', 1),
(1030, 100, 126, 0, 200, '2025-04-15', '', 1),
(1031, 21, 11, 0, 8500, '2025-03-13', '', 1),
(1032, 21, 52, 0, 200, '2025-03-13', '', 1),
(1033, 21, 11, 0, 8500, '2025-04-13', '', 1),
(1034, 21, 52, 0, 200, '2025-04-13', '', 1),
(1035, 109, 139, 0, 7800, '2025-03-17', '', 1),
(1036, 109, 140, 0, 200, '2025-03-17', '', 1),
(1037, 109, 139, 0, 7800, '2025-04-17', '', 1),
(1038, 109, 140, 0, 200, '2025-04-17', '', 1),
(1039, 103, 130, 0, 14000, '2025-04-17', '', 1),
(1040, 103, 131, 0, 200, '2025-04-17', '', 1),
(1041, 103, 130, 0, 14000, '2025-02-17', '', 1),
(1042, 103, 131, 0, 200, '2025-02-17', '', 1),
(1043, 103, 130, 0, 14000, '2025-03-17', '', 1),
(1044, 103, 131, 0, 200, '2025-03-17', '', 1),
(1045, 25, 15, 0, 14000, '2025-04-10', '', 1),
(1046, 25, 15, 0, 14000, '2025-03-10', '', 1),
(1047, 25, 58, 0, 200, '2025-04-10', '', 1),
(1048, 25, 107, 0, 1000, '2025-04-10', '', 1),
(1049, 25, 58, 0, 200, '2025-03-10', '', 1),
(1050, 25, 107, 0, 1000, '2025-03-10', '', 1),
(1051, 25, 58, 0, 200, '2025-01-10', '', 1),
(1052, 25, 107, 0, 1000, '2025-01-10', '', 1),
(1053, 88, 108, 0, 13500, '2025-05-01', '', 1),
(1054, 88, 109, 0, 200, '2025-05-01', '', 1),
(1055, 88, 108, 0, 13500, '2025-04-01', '', 1),
(1056, 88, 109, 0, 200, '2025-04-01', '', 1),
(1057, 89, 111, 0, 8700, '2025-03-08', '', 1),
(1058, 89, 112, 0, 200, '2025-03-08', '', 1),
(1059, 89, 111, 0, 8700, '2025-04-08', '', 1),
(1060, 89, 112, 0, 200, '2025-04-08', '', 1),
(1061, 122, 165, 0, 8800, '2025-03-18', '', 1),
(1062, 122, 166, 0, 200, '2025-03-18', '', 1),
(1063, 122, 165, 0, 8800, '2025-04-18', '', 1),
(1064, 122, 166, 0, 200, '2025-04-18', '', 1),
(1065, 62, 63, 0, 12600, '2025-04-15', '', 1),
(1066, 62, 76, 0, 200, '2025-04-15', '', 1),
(1067, 62, 110, 0, 1000, '2025-04-15', '', 1),
(1068, 66, 67, 0, 14400, '2025-03-01', '', 1),
(1069, 66, 75, 0, 200, '2025-03-01', '', 1),
(1070, 66, 67, 0, 14400, '2025-04-01', '', 1),
(1071, 66, 75, 0, 200, '2025-04-01', '', 1),
(1072, 67, 68, 0, 13400, '2025-03-15', '', 1),
(1073, 67, 71, 0, 200, '2025-03-15', '', 1),
(1074, 67, 68, 0, 13400, '2025-04-15', '', 1),
(1075, 67, 71, 0, 200, '2025-04-15', '', 1),
(1076, 68, 69, 0, 8800, '2025-04-15', '', 1),
(1077, 68, 74, 0, 200, '2025-04-15', '', 1),
(1078, 68, 69, 0, 8800, '2025-05-15', '', 1),
(1079, 68, 74, 0, 200, '2025-05-15', '', 1),
(1080, 69, 70, 0, 8400, '2025-04-01', '', 1),
(1081, 69, 73, 0, 200, '2025-04-01', '', 1),
(1082, 69, 70, 0, 8400, '2025-05-01', '', 1),
(1083, 69, 73, 0, 200, '2025-05-01', '', 1),
(1084, 91, 115, 0, 8500, '2025-04-01', '', 1),
(1085, 91, 116, 0, 200, '2025-04-01', '', 1),
(1086, 105, 133, 0, 14000, '2025-04-04', '', 1),
(1087, 105, 134, 0, 200, '2025-04-04', '', 1),
(1088, 58, 48, 0, 2250, '2025-01-01', '', 1),
(1089, 58, 48, 0, 2250, '2025-02-01', '', 1),
(1090, 58, 48, 0, 2250, '2025-04-01', '', 1),
(1091, 58, 48, 0, 2250, '2025-03-01', '', 1),
(1093, 123, 167, 0, 2300, '2024-11-15', '', 1),
(1094, 123, 167, 0, 2300, '2024-12-15', '', 1),
(1095, 123, 167, 0, 2300, '2025-01-15', '', 1),
(1096, 123, 167, 0, 2300, '2025-02-15', '', 1),
(1097, 123, 167, 0, 2300, '2025-03-15', '', 1),
(1098, 123, 167, 0, 2300, '2025-04-15', '', 1),
(1099, 124, 168, 0, 2400, '2025-04-01', '', 1),
(1100, 124, 168, 0, 2400, '2025-03-01', '', 1),
(1101, 124, 168, 0, 2400, '2025-02-01', '', 1),
(1102, 124, 168, 0, 2400, '2025-01-01', '', 1),
(1103, 125, 169, 0, 2100, '2025-04-15', '', 1),
(1104, 126, 170, 0, 2060, '2024-12-01', '', 1),
(1105, 126, 170, 0, 2060, '2025-01-01', '', 1),
(1106, 126, 170, 0, 2060, '2025-02-01', '', 1),
(1107, 126, 170, 0, 2060, '2025-03-01', '', 1),
(1108, 126, 170, 0, 2060, '2025-04-01', '', 1),
(1109, 127, 171, 0, 2400, '2024-08-01', '', 1),
(1110, 127, 171, 0, 2400, '2024-09-01', '', 1),
(1111, 127, 171, 0, 2400, '2024-10-01', '', 1),
(1112, 127, 171, 0, 2400, '2024-11-01', '', 1),
(1113, 127, 171, 0, 2400, '2024-12-01', '', 1),
(1114, 127, 171, 0, 2400, '2025-01-01', '', 1),
(1115, 127, 171, 0, 2400, '2025-02-01', '', 1),
(1116, 127, 171, 0, 2400, '2025-03-01', '', 1),
(1117, 127, 171, 0, 2400, '2025-04-01', '', 1),
(1121, 61, 51, 0, 2200, '2024-10-01', '', 1),
(1122, 61, 51, 0, 2200, '2024-11-01', '', 1),
(1123, 59, 49, 0, 2600, '2024-10-01', '', 1),
(1124, 65, 66, 0, 7000, '2025-04-08', '', 1),
(1125, 65, 0, 0, 1500, '2025-05-07', 'Recargos abril', 1),
(1126, 91, 115, 0, 8500, '2025-05-01', '', 1),
(1127, 91, 116, 0, 200, '2025-05-01', '', 1),
(1128, 118, 157, 0, 9800, '2025-05-07', '', 1),
(1129, 118, 158, 0, 200, '2025-05-07', '', 1),
(1130, 73, 83, 0, 13000, '2025-04-26', '', 1),
(1131, 73, 84, 0, 200, '2025-04-26', '', 1),
(1132, 73, 0, 0, 1300, '2025-05-09', 'Recargos abril', 1),
(1133, 112, 145, 0, 8800, '2025-05-10', '', 1),
(1134, 112, 146, 0, 200, '2025-05-10', '', 1),
(1135, 110, 141, 0, 8800, '2025-05-15', '', 1),
(1136, 110, 142, 0, 200, '2025-05-15', '', 1),
(1137, 74, 85, 0, 9800, '2025-05-15', '', 1),
(1138, 74, 86, 0, 200, '2025-05-15', '', 1),
(1139, 81, 97, 0, 12500, '2025-05-01', '', 1),
(1140, 81, 97, 0, 1250, '2025-05-16', 'Recargos ', 1),
(1141, 85, 103, 0, 17000, '2025-05-05', '', 1),
(1142, 102, 128, 0, 8800, '2025-05-17', '', 1),
(1143, 102, 129, 0, 200, '2025-05-17', '', 1),
(1144, 121, 163, 0, 7800, '2025-05-01', '', 1),
(1145, 121, 164, 0, 200, '2025-05-01', '', 1),
(1146, 109, 139, 0, 7800, '2025-05-17', '', 1),
(1147, 109, 140, 0, 200, '2025-05-17', '', 1),
(1148, 119, 159, 0, 9800, '2025-05-18', '', 1),
(1149, 119, 160, 0, 200, '2025-05-18', '', 1),
(1150, 99, 124, 0, 17500, '2025-05-15', '', 1),
(1151, 99, 124, 0, 17500, '2025-04-15', '', 1),
(1152, 99, 124, 0, 17500, '2025-02-15', '', 1),
(1153, 99, 124, 0, 17500, '2025-03-15', '', 1),
(1154, 94, 119, 0, 21500, '2025-01-15', '', 1),
(1155, 94, 119, 0, 21500, '2025-02-15', '', 1),
(1156, 94, 119, 0, 21500, '2025-03-15', '', 1),
(1157, 94, 119, 0, 21500, '2025-04-15', '', 1),
(1158, 67, 68, 0, 13400, '2025-05-15', '', 1),
(1159, 67, 71, 0, 200, '2025-05-15', '', 1),
(1160, 66, 67, 0, 14400, '2025-05-01', '', 1),
(1161, 66, 75, 0, 200, '2025-05-01', '', 1),
(1162, 117, 155, 0, 13500, '2025-05-22', '', 1),
(1163, 116, 153, 0, 9300, '2025-05-21', '', 1),
(1164, 116, 154, 0, 200, '2025-05-21', '', 1),
(1165, 111, 143, 0, 20000, '2025-05-15', '', 1),
(1166, 101, 127, 0, 14500, '2025-05-05', '', 1),
(1167, 89, 111, 0, 8700, '2025-05-08', '', 1),
(1168, 89, 112, 0, 200, '2025-05-08', '', 1);
INSERT INTO `contracts_payments` (`id`, `contract`, `recurring`, `express`, `amount`, `date`, `clarifications`, `confirmed`) VALUES
(1169, 121, 163, 0, 7800, '2025-06-01', '', 1),
(1170, 121, 164, 0, 200, '2025-06-01', '', 1),
(1171, 106, 135, 0, 14300, '2025-06-01', '', 1),
(1172, 106, 136, 0, 200, '2025-06-01', '', 1),
(1173, 75, 87, 0, 16500, '2025-04-26', '', 1),
(1174, 75, 88, 0, 200, '2025-04-26', '', 1),
(1175, 75, 87, 0, 16500, '2025-05-26', '', 1),
(1176, 75, 88, 0, 200, '2025-05-26', '', 1),
(1177, 107, 137, 0, 11000, '2025-05-01', '', 1),
(1178, 107, 138, 0, 200, '2025-05-01', '', 1),
(1179, 107, 137, 0, 11000, '2025-06-01', '', 1),
(1180, 107, 138, 0, 200, '2025-06-01', '', 1),
(1181, 128, 172, 0, 14000, '2025-05-27', '', 1),
(1182, 128, 173, 0, 200, '2025-05-27', '', 1),
(1183, 129, 174, 0, 16000, '2025-04-18', '', 1),
(1184, 129, 174, 0, 16000, '2025-05-18', '', 1),
(1185, 129, 175, 0, 200, '2025-04-18', '', 1),
(1186, 129, 175, 0, 200, '2025-05-18', '', 1),
(1187, 130, 176, 0, 7800, '2025-06-24', '', 1),
(1188, 130, 177, 0, 200, '2025-06-24', '', 1),
(1189, 131, 178, 0, 9800, '2025-05-21', '', 1),
(1190, 131, 179, 0, 200, '2025-05-21', '', 1),
(1191, 132, 180, 0, 17000, '2025-06-06', '', 1),
(1193, 58, 48, 0, 2250, '2025-05-01', '', 1),
(1194, 115, 151, 0, 12000, '2025-06-18', '', 1),
(1195, 118, 157, 0, 9800, '2025-06-18', '', 1),
(1196, 118, 158, 0, 200, '2025-06-18', '', 1),
(1197, 112, 145, 0, 8800, '2025-06-18', '', 1),
(1198, 112, 146, 0, 200, '2025-06-18', '', 1),
(1199, 74, 85, 0, 9800, '2025-06-18', '', 1),
(1200, 74, 86, 0, 200, '2025-06-18', '', 1),
(1201, 65, 66, 0, 7200, '2025-06-24', 'abono a renta, restan 7300 mas recargos', 1),
(1202, 116, 153, 0, 9300, '2025-06-25', '', 1),
(1203, 109, 139, 0, 7800, '2025-06-26', '', 1),
(1204, 109, 140, 0, 200, '2025-06-26', '', 1),
(1205, 115, 152, 0, 200, '2025-06-26', '', 1),
(1206, 105, 133, 0, 14000, '2025-06-27', '', 1),
(1207, 105, 134, 0, 200, '2025-06-27', '', 1),
(1208, 91, 115, 0, 8500, '2025-06-27', '', 1),
(1209, 91, 116, 0, 200, '2025-06-27', '', 1),
(1210, 117, 155, 0, 13500, '2025-06-27', '', 1),
(1211, 117, 156, 0, 200, '2025-06-27', '', 1),
(1212, 131, 178, 0, 9800, '2025-06-27', '', 1),
(1213, 131, 179, 0, 200, '2025-06-27', '', 1),
(1214, 99, 124, 0, 17500, '2025-06-19', '', 1),
(1215, 119, 159, 0, 9800, '2025-06-27', '', 1),
(1216, 119, 160, 0, 200, '2025-06-27', '', 1),
(1217, 129, 174, 0, 16000, '2025-06-27', '', 1),
(1218, 102, 128, 0, 8800, '2025-06-27', '', 1),
(1219, 102, 129, 0, 200, '2025-06-27', '', 1),
(1220, 110, 141, 0, 8800, '2025-06-27', '', 1),
(1221, 110, 142, 0, 200, '2025-06-27', '', 1),
(1222, 83, 100, 0, 16500, '2025-06-27', '', 1),
(1223, 83, 101, 0, 200, '2025-06-27', '', 1),
(1224, 89, 111, 0, 8700, '2025-06-27', '', 1),
(1225, 89, 112, 0, 200, '2025-06-27', '', 1),
(1226, 122, 165, 0, 8800, '2025-06-27', '', 1),
(1227, 122, 166, 0, 200, '2025-06-27', '', 1),
(1228, 127, 171, 0, 2400, '2025-05-27', '', 1),
(1229, 126, 170, 0, 2060, '2025-05-27', '', 1),
(1230, 126, 170, 0, 2200, '2025-06-27', '', 1),
(1231, 127, 171, 0, 2400, '2025-06-01', '', 1),
(1232, 124, 168, 0, 2400, '2025-05-01', '', 1),
(1233, 124, 168, 0, 2400, '2025-06-01', '', 1),
(1234, 126, 170, 0, 140, '2024-12-31', 'Para compensar la diferencia de cobro de 2060 a 2200 de diciembre a mayo', 1),
(1235, 126, 170, 0, 140, '2025-01-23', 'Pago fake, para compensar la diferencia de cobro de 2060 a 2200 de diciembre a mayo', 1),
(1236, 126, 170, 0, 140, '2025-02-28', 'Pago fake, para compensar la diferencia de cobro de 2060 a 2200 de diciembre a mayo', 1),
(1237, 126, 170, 0, 140, '2025-03-31', 'Pago fake, para compensar la diferencia de cobro de 2060 a 2200 de diciembre a mayo', 1),
(1238, 126, 170, 0, 140, '2025-04-30', 'Pago fake, para compensar la diferencia de cobro de 2060 a 2200 de diciembre a mayo', 1),
(1239, 126, 170, 0, 140, '2025-05-31', 'Pago fake, para compensar la diferencia de cobro de 2060 a 2200 de diciembre a mayo', 1),
(1240, 123, 167, 0, 2300, '2025-05-15', '', 1),
(1241, 123, 167, 0, 2300, '2025-06-15', '', 1),
(1242, 125, 169, 0, 2150, '2025-05-15', '', 1),
(1243, 125, 169, 0, 2150, '2025-06-15', '', 1),
(1244, 125, 169, 0, 50, '2025-04-30', 'Pago fake, para compensar la diferencia de cobro de 2100 a 2150 de abril', 1),
(1245, 88, 108, 0, 13500, '2025-06-27', '', 1),
(1246, 88, 109, 0, 200, '2025-06-27', '', 1),
(1247, 135, 184, 0, 14800, '2025-06-15', '', 1),
(1248, 135, 185, 0, 200, '2025-06-15', '', 1),
(1249, 69, 70, 0, 8400, '2025-06-27', '', 1),
(1250, 69, 73, 0, 200, '2025-06-27', '', 1),
(1251, 81, 98, 0, 200, '2025-05-01', '', 1),
(1252, 81, 97, 0, 12500, '2025-06-01', '', 1),
(1253, 81, 98, 0, 200, '2025-06-01', '', 1),
(1254, 81, 0, 0, 1250, '2025-06-27', 'recargos junio', 1),
(1255, 104, 149, 0, 10200, '2025-06-27', '', 1),
(1256, 104, 150, 0, 200, '2025-06-27', '', 1),
(1257, 25, 15, 0, 14000, '2025-06-27', '', 1),
(1258, 25, 58, 0, 200, '2025-06-27', '', 1),
(1259, 25, 15, 0, 14000, '2025-05-10', '', 1),
(1260, 25, 58, 0, 200, '2025-05-10', '', 1),
(1261, 120, 161, 0, 10000, '2025-06-01', '', 1),
(1262, 120, 162, 0, 200, '2025-06-01', '', 1),
(1263, 128, 172, 0, 14000, '2025-06-01', '', 1),
(1264, 128, 173, 0, 200, '2025-06-01', '', 1),
(1265, 122, 165, 0, 8800, '2025-05-18', '', 1),
(1266, 122, 166, 0, 200, '2025-05-18', '', 1),
(1267, 122, 0, 0, 4570, '2025-07-10', 'Desperfectos (puerta rota)', 1),
(1268, 132, 180, 0, 17000, '2025-07-06', '', 1),
(1269, 138, 190, 0, 15500, '2025-07-01', '', 1),
(1270, 138, 191, 0, 200, '2025-07-01', '', 1),
(1271, 139, 192, 0, 65000, '2025-07-15', '', 1),
(1272, 140, 193, 0, 13000, '2025-06-20', '', 1),
(1273, 140, 194, 0, 200, '2025-06-20', '', 1),
(1274, 141, 195, 0, 8700, '2025-07-01', '', 1),
(1275, 141, 196, 0, 200, '2025-07-01', '', 1),
(1276, 133, 181, 0, 8800, '2025-06-13', '', 1),
(1277, 133, 183, 0, 200, '2025-06-13', '', 1),
(1278, 130, 176, 0, 7800, '2025-05-25', '', 1),
(1279, 130, 177, 0, 200, '2025-05-25', '', 1),
(1280, 142, 0, 12, 12000, '2025-07-16', '', 1),
(1281, 120, 161, 0, 10000, '2025-07-15', '', 1),
(1282, 120, 162, 0, 200, '2025-07-15', '', 1),
(1283, 106, 135, 0, 14300, '2025-07-01', '', 1),
(1284, 106, 136, 0, 200, '2025-07-01', '', 1),
(1285, 88, 108, 0, 13500, '2025-07-01', '', 1),
(1286, 88, 109, 0, 200, '2025-07-01', '', 1),
(1287, 121, 163, 0, 7800, '2025-07-01', '', 1),
(1288, 121, 164, 0, 200, '2025-07-01', '', 1),
(1289, 68, 69, 0, 8800, '2025-06-15', '', 1),
(1290, 68, 74, 0, 200, '2025-06-15', '', 1),
(1291, 105, 133, 0, 14000, '2025-05-04', '', 1),
(1292, 105, 134, 0, 200, '2025-05-04', '', 1),
(1293, 105, 133, 0, 14000, '2025-07-04', '', 1),
(1294, 105, 134, 0, 200, '2025-07-04', '', 1),
(1295, 111, 143, 0, 20000, '2025-06-15', '', 1),
(1296, 91, 115, 0, 8500, '2025-07-01', '', 1),
(1297, 91, 116, 0, 200, '2025-07-01', '', 1),
(1298, 100, 125, 0, 14500, '2025-05-15', '', 1),
(1299, 100, 126, 0, 200, '2025-05-15', '', 1),
(1300, 100, 125, 0, 14500, '2025-06-15', '', 1),
(1301, 100, 126, 0, 200, '2025-06-15', '', 1),
(1302, 118, 157, 0, 9800, '2025-07-07', '', 1),
(1303, 118, 158, 0, 200, '2025-07-07', '', 1),
(1304, 104, 149, 0, 10200, '2025-07-01', '', 1),
(1305, 104, 150, 0, 200, '2025-07-01', '', 1),
(1306, 115, 151, 0, 12000, '2025-07-01', '', 1),
(1307, 115, 152, 0, 200, '2025-07-01', '', 1),
(1308, 62, 63, 0, 12600, '2025-05-15', '', 1),
(1309, 62, 76, 0, 200, '2025-05-15', '', 1),
(1310, 62, 110, 0, 1000, '2025-05-14', '', 0),
(1311, 62, 63, 0, 9000, '2025-06-15', '', 1),
(1312, 62, 63, 0, 12600, '2025-07-15', '', 1),
(1313, 62, 76, 0, 200, '2025-07-15', '', 1),
(1314, 62, 110, 0, 1000, '2025-07-15', '', 1),
(1315, 144, 199, 0, 8800, '2025-04-18', '', 1),
(1316, 144, 200, 0, 200, '2025-04-18', '', 1),
(1317, 144, 199, 0, 8800, '2025-05-18', '', 1),
(1318, 144, 200, 0, 200, '2025-05-18', '', 1),
(1319, 144, 199, 0, 8800, '2025-06-18', '', 1),
(1320, 144, 200, 0, 200, '2025-06-18', '', 1),
(1321, 145, 201, 0, 14400, '2025-06-10', '', 1),
(1322, 145, 202, 0, 200, '2025-06-10', '', 1),
(1323, 146, 204, 0, 11500, '2025-07-01', '', 1),
(1324, 146, 205, 0, 200, '2025-07-01', '', 1),
(1325, 21, 11, 0, 8500, '2025-05-13', '', 1),
(1326, 21, 52, 0, 200, '2025-05-13', '', 1),
(1327, 73, 83, 0, 13000, '2025-05-26', '', 1),
(1328, 73, 84, 0, 200, '2025-05-26', '', 1),
(1329, 147, 206, 0, 5000, '2025-07-15', '', 1),
(1330, 84, 102, 0, 57500, '2024-12-01', '', 1),
(1331, 84, 102, 0, 57500, '2025-01-01', '', 1),
(1332, 84, 102, 0, 57500, '2025-02-01', '', 1),
(1333, 84, 102, 0, 57500, '2025-03-01', '', 1),
(1334, 150, 209, 0, 57500, '2025-04-01', '', 1),
(1335, 150, 209, 0, 57500, '2025-04-01', '', 1),
(1336, 150, 209, 0, 57500, '2025-05-01', '', 1),
(1337, 150, 209, 0, 57500, '2025-06-01', '', 1),
(1338, 150, 209, 0, 115000, '2025-07-01', '', 1),
(1339, 83, 100, 0, 16500, '2025-07-22', '', 1),
(1340, 83, 101, 0, 200, '2025-07-22', '', 1),
(1341, 74, 85, 0, 9800, '2025-07-22', '', 1),
(1342, 74, 86, 0, 200, '2025-07-22', '', 1),
(1343, 113, 147, 0, 14500, '2025-01-15', '', 1),
(1344, 113, 210, 0, 200, '2025-01-15', '', 1),
(1345, 113, 147, 0, 14500, '2025-02-15', '', 1),
(1346, 113, 210, 0, 200, '2025-02-15', '', 1),
(1347, 113, 147, 0, 14500, '2025-03-15', '', 1),
(1348, 113, 210, 0, 200, '2025-03-15', '', 1),
(1349, 113, 147, 0, 14500, '2025-04-15', '', 1),
(1350, 113, 210, 0, 200, '2025-04-15', '', 1),
(1351, 113, 147, 0, 14500, '2025-05-15', '', 1),
(1352, 113, 210, 0, 200, '2025-05-15', '', 1),
(1353, 113, 147, 0, 14500, '2025-06-15', '', 1),
(1354, 113, 210, 0, 200, '2025-06-15', '', 1),
(1355, 113, 147, 0, 14500, '2025-07-15', '', 1),
(1356, 113, 210, 0, 200, '2025-07-15', '', 1),
(1357, 151, 211, 0, 13800, '2025-06-15', '', 1),
(1358, 151, 211, 0, 13800, '2025-07-15', '', 1),
(1359, 151, 212, 0, 200, '2025-07-15', '', 1),
(1360, 151, 212, 0, 200, '2025-06-15', '', 1),
(1361, 152, 213, 0, 14000, '2025-07-21', '', 1),
(1362, 131, 178, 0, 9800, '2025-07-24', '', 1),
(1363, 131, 179, 0, 200, '2025-07-24', '', 1),
(1364, 107, 137, 0, 11000, '2025-07-24', '', 1),
(1365, 107, 138, 0, 200, '2025-07-24', '', 1),
(1366, 137, 188, 0, 9500, '2025-07-24', '', 1),
(1367, 137, 189, 0, 200, '2025-07-24', '', 1),
(1368, 110, 141, 0, 8800, '2025-07-24', '', 1),
(1369, 110, 142, 0, 200, '2025-07-24', '', 1),
(1370, 140, 193, 0, 13000, '2025-07-24', '', 1),
(1371, 140, 194, 0, 200, '2025-07-24', '', 1),
(1372, 89, 111, 0, 8700, '2025-07-24', '', 1),
(1373, 89, 112, 0, 200, '2025-07-24', '', 1),
(1374, 112, 145, 0, 8800, '2025-07-24', '', 1),
(1375, 112, 146, 0, 200, '2025-07-24', '', 1),
(1376, 133, 181, 0, 8800, '2025-07-24', '', 1),
(1377, 133, 183, 0, 200, '2025-07-24', '', 1),
(1378, 135, 184, 0, 14800, '2025-07-24', '', 1),
(1379, 135, 185, 0, 200, '2025-07-24', '', 1),
(1380, 136, 186, 0, 8800, '2025-07-11', '', 1),
(1381, 136, 187, 0, 200, '2025-07-11', '', 1),
(1382, 102, 128, 0, 8800, '2025-07-24', '', 1),
(1383, 102, 129, 0, 200, '2025-07-24', '', 1),
(1384, 109, 139, 0, 7800, '2025-07-24', '', 1),
(1385, 109, 140, 0, 200, '2025-07-24', '', 1),
(1386, 144, 199, 0, 8800, '2025-07-24', '', 1),
(1387, 144, 200, 0, 200, '2025-07-24', '', 1),
(1388, 81, 97, 0, 12500, '2025-07-04', '', 1),
(1389, 81, 0, 0, 1250, '2025-07-04', 'recargos julio', 1),
(1390, 100, 125, 0, 14500, '2025-07-04', '', 1),
(1391, 100, 126, 0, 200, '2025-07-04', '', 1),
(1392, 143, 198, 0, 200, '2025-07-15', '', 1),
(1393, 143, 197, 0, 8800, '2025-07-15', '', 1),
(1394, 119, 159, 0, 9800, '2025-07-04', '', 1),
(1395, 119, 160, 0, 200, '2025-07-04', '', 1),
(1396, 130, 176, 0, 7800, '2025-07-04', '', 1),
(1397, 130, 177, 0, 200, '2025-07-04', '', 1),
(1398, 75, 87, 0, 16500, '2025-07-04', '', 1),
(1399, 75, 88, 0, 200, '2025-07-04', '', 1),
(1400, 128, 172, 0, 14000, '2025-07-04', '', 1),
(1401, 128, 173, 0, 200, '2025-07-04', '', 1),
(1402, 138, 190, 0, 15500, '2025-08-04', '', 1),
(1403, 138, 191, 0, 200, '2025-08-04', '', 1),
(1404, 115, 151, 0, 12000, '2025-08-04', '', 1),
(1405, 115, 152, 0, 200, '2025-08-04', '', 1),
(1406, 104, 149, 0, 10200, '2025-08-04', '', 1),
(1407, 104, 150, 0, 200, '2025-08-04', '', 1),
(1408, 107, 137, 0, 11000, '2025-08-04', '', 1),
(1409, 107, 138, 0, 200, '2025-08-04', '', 1),
(1410, 121, 163, 0, 7800, '2025-08-04', '', 1),
(1411, 121, 164, 0, 200, '2025-08-04', '', 1),
(1412, 106, 135, 0, 14300, '2025-08-04', '', 1),
(1413, 106, 136, 0, 200, '2025-08-04', '', 1),
(1414, 88, 108, 0, 13500, '2025-08-04', '', 1),
(1415, 88, 109, 0, 200, '2025-08-04', '', 1),
(1416, 141, 195, 0, 8700, '2025-08-04', '', 1),
(1417, 141, 196, 0, 200, '2025-08-04', '', 1),
(1418, 92, 117, 0, 5000, '2025-01-15', '', 1),
(1419, 92, 117, 0, 1400, '2025-01-15', '', 1),
(1420, 92, 117, 0, 7100, '2025-02-15', '', 1),
(1421, 99, 124, 0, 17500, '2025-07-04', '', 1),
(1422, 111, 143, 0, 20000, '2025-07-15', '', 1),
(1423, 111, 143, 0, 8000, '2025-08-05', 'abono agosto', 1),
(1424, 111, 0, 0, 2000, '2025-07-05', 'recargos julio', 1),
(1425, 91, 115, 0, 8500, '2025-08-05', '', 1),
(1426, 91, 116, 0, 200, '2025-08-05', '', 1),
(1427, 62, 63, 0, 12600, '2025-08-05', '', 1),
(1428, 62, 76, 0, 200, '2025-08-05', '', 1),
(1429, 62, 110, 0, 1000, '2025-08-05', '', 1),
(1430, 105, 133, 0, 14000, '2025-08-05', '', 1),
(1431, 105, 134, 0, 200, '2025-08-05', '', 1),
(1432, 117, 155, 0, 11500, '2025-07-05', '', 1),
(1435, 133, 181, 0, 8800, '2025-08-16', '', 1),
(1436, 147, 206, 0, 5000, '2025-08-16', '', 1),
(1437, 118, 157, 0, 9800, '2025-08-16', '', 1),
(1438, 89, 111, 0, 8700, '2025-08-16', '', 1),
(1439, 89, 112, 0, 200, '2025-08-16', '', 1),
(1440, 112, 145, 0, 8800, '2025-08-18', '', 1),
(1441, 112, 146, 0, 200, '2025-08-18', '', 1),
(1442, 145, 201, 0, 14400, '2025-08-17', '', 0),
(1443, 145, 202, 0, 200, '2025-08-17', '', 0),
(1444, 145, 203, 0, 1000, '2025-08-17', '', 0),
(1445, 136, 186, 0, 8800, '2025-08-16', '', 1),
(1446, 136, 187, 0, 200, '2025-08-16', '', 1),
(1447, 137, 188, 0, 9500, '2025-08-16', '', 1),
(1448, 137, 189, 0, 200, '2025-08-16', '', 1),
(1449, 146, 204, 0, 11500, '2025-08-11', '', 1),
(1450, 146, 205, 0, 200, '2025-08-11', '', 1),
(1451, 139, 192, 0, 65000, '2025-08-15', '', 1),
(1452, 133, 183, 0, 200, '2025-08-16', '', 1),
(1453, 151, 211, 0, 13800, '2025-08-17', '', 0),
(1454, 151, 212, 0, 200, '2025-08-17', '', 0),
(1455, 143, 197, 0, 9150, '2025-08-15', '', 1),
(1456, 143, 198, 0, 200, '2025-08-16', '', 1),
(1457, 110, 141, 0, 8800, '2025-08-15', '', 1),
(1458, 110, 142, 0, 200, '2025-08-15', '', 1),
(1459, 83, 100, 0, 16500, '2025-08-15', '', 1),
(1460, 83, 101, 0, 200, '2025-08-15', '', 1),
(1461, 135, 184, 0, 14800, '2025-08-18', '', 1),
(1462, 135, 185, 0, 200, '2025-08-18', '', 1),
(1463, 113, 147, 0, 14500, '2025-08-18', '', 1),
(1464, 113, 210, 0, 200, '2025-08-18', '', 1),
(1465, 118, 158, 0, 200, '2025-08-19', '', 1),
(1466, 154, 215, 0, 50000, '2025-08-15', '', 1),
(1467, 144, 199, 0, 8800, '2025-08-19', '', 1),
(1468, 144, 200, 0, 200, '2025-08-19', '', 1),
(1469, 143, 197, 0, 350, '2025-07-19', '', 0),
(1470, 117, 155, 0, 2000, '2025-07-19', '', 0),
(1471, 117, 156, 0, 200, '2025-07-19', '', 0),
(1472, 119, 0, 0, 5200, '2025-08-06', 'ajuste por  upgrade al 3-3', 1),
(1474, 150, 209, 0, 57500, '2025-05-01', '', 1),
(1475, 150, 209, 0, 115000, '2025-08-01', '', 1),
(1476, 99, 124, 0, 14200, '2025-08-19', 'pendiente 3300', 1),
(1477, 109, 139, 0, 7800, '2025-08-20', '', 1),
(1478, 109, 140, 0, 200, '2025-08-20', '', 1),
(1479, 155, 272, 0, 15000, '2025-08-20', '', 1),
(1480, 155, 273, 0, 200, '2025-08-20', '', 1),
(1481, 102, 128, 0, 8800, '2025-08-21', '', 0),
(1482, 102, 129, 0, 200, '2025-08-21', '', 0),
(1483, 81, 97, 0, 10000, '2025-08-21', '', 0),
(1484, 132, 180, 0, 10000, '2025-08-21', '', 0),
(1485, 117, 155, 0, 11500, '2025-08-21', '', 0),
(1486, 140, 193, 0, 13000, '2025-08-25', '', 0),
(1487, 140, 194, 0, 200, '2025-08-25', '', 0),
(1488, 152, 213, 0, 14000, '2025-08-25', '', 0),
(1489, 131, 178, 0, 9800, '2025-08-25', '', 0),
(1490, 130, 176, 0, 7800, '2025-08-25', '', 0),
(1491, 130, 177, 0, 200, '2025-08-25', '', 0);

-- --------------------------------------------------------

--
-- Table structure for table `contracts_recurring_charges`
--

CREATE TABLE `contracts_recurring_charges` (
  `id` int(10) UNSIGNED NOT NULL,
  `contract` mediumint(8) UNSIGNED NOT NULL,
  `label` varchar(80) NOT NULL,
  `value` int(10) UNSIGNED NOT NULL,
  `start_date` date NOT NULL,
  `end_date` date NOT NULL,
  `canceled` tinyint(1) UNSIGNED NOT NULL DEFAULT 0
) ENGINE=InnoDB DEFAULT CHARSET=latin1 COLLATE=latin1_swedish_ci;

--
-- Dumping data for table `contracts_recurring_charges`
--

INSERT INTO `contracts_recurring_charges` (`id`, `contract`, `label`, `value`, `start_date`, `end_date`, `canceled`) VALUES
(1, 11, 'Renta', 17500, '2024-01-10', '2025-01-31', 0),
(2, 12, 'Renta', 16000, '2024-06-01', '2025-05-31', 0),
(3, 13, 'Renta', 12000, '2024-06-01', '2025-05-31', 0),
(4, 14, 'Renta', 25000, '2024-04-01', '2025-03-31', 0),
(5, 15, 'Renta', 8400, '2024-01-01', '2024-12-31', 0),
(6, 16, 'Renta', 8800, '2024-02-01', '2024-07-31', 0),
(7, 17, 'Renta', 7500, '2023-08-02', '2024-08-01', 0),
(8, 18, 'Renta', 13000, '2023-07-24', '2024-07-23', 0),
(9, 19, 'Renta', 13820, '2024-02-01', '2025-01-31', 0),
(10, 20, 'Renta', 15500, '2023-11-15', '2025-11-14', 0),
(11, 21, 'Renta', 8500, '2024-06-13', '2025-06-12', 0),
(12, 22, 'Renta', 8400, '2023-10-12', '2024-10-14', 0),
(13, 23, 'Renta', 13500, '2023-06-28', '2024-06-27', 0),
(14, 24, 'Renta', 7800, '2024-06-17', '2025-06-16', 0),
(15, 25, 'Renta', 14000, '2024-06-10', '2025-06-09', 0),
(16, 26, 'Renta', 14000, '2023-09-29', '2024-09-25', 0),
(17, 27, 'Renta', 8500, '2023-12-08', '2024-12-07', 0),
(18, 28, 'Renta', 8500, '2024-02-10', '2025-02-09', 0),
(19, 29, 'Renta', 7800, '2024-04-10', '2025-04-09', 1),
(20, 30, 'Renta', 12200, '2023-09-01', '2024-08-31', 0),
(21, 31, 'Renta', 14000, '2023-06-26', '2024-06-25', 0),
(22, 32, 'Renta', 13000, '2024-06-09', '2024-06-08', 0),
(23, 33, 'Renta', 8000, '2023-07-03', '2024-07-02', 0),
(24, 34, 'Renta', 8500, '2023-12-05', '2024-12-04', 0),
(25, 35, 'Renta', 14100, '2024-01-16', '2025-01-15', 0),
(26, 36, 'Renta', 13500, '2023-09-15', '2024-09-14', 0),
(27, 37, 'Renta', 15500, '2023-11-15', '2024-11-14', 0),
(28, 38, 'Renta', 9000, '2023-10-19', '2024-10-18', 0),
(29, 39, 'Renta', 9000, '2023-06-28', '2024-06-27', 0),
(30, 40, 'Renta', 9500, '2023-11-22', '2024-11-21', 0),
(31, 41, 'Renta', 9850, '2024-02-21', '2024-12-20', 0),
(32, 42, 'Renta', 9000, '2023-10-26', '2024-10-25', 0),
(33, 43, 'Renta', 17500, '2024-03-01', '2025-02-28', 0),
(34, 44, 'Renta', 12500, '2023-09-26', '2024-09-25', 0),
(35, 45, 'Renta', 11400, '2024-02-15', '2024-08-14', 0),
(36, 46, 'Renta', 16500, '2024-02-15', '2025-02-14', 0),
(37, 47, 'Renta', 12500, '2023-06-21', '2024-07-20', 0),
(38, 48, 'Renta', 9850, '2024-02-01', '2025-01-31', 0),
(39, 49, 'Renta', 9800, '2024-01-26', '2025-01-25', 0),
(40, 50, 'Renta', 9500, '2023-08-01', '2024-07-31', 0),
(41, 51, 'Renta', 9000, '2024-02-24', '2024-08-23', 0),
(42, 52, 'Renta', 8500, '2024-02-15', '2025-02-14', 0),
(43, 53, 'Renta', 1848, '2024-04-30', '2025-04-29', 1),
(44, 54, 'Renta', 1000, '2024-05-01', '2024-05-31', 0),
(45, 55, 'Renta', 1000, '2024-04-01', '2024-04-30', 0),
(46, 56, 'Renta', 1000, '2024-06-01', '2024-06-30', 0),
(47, 57, 'Renta', 2060, '2023-12-01', '2024-12-31', 0),
(48, 58, 'Renta', 2250, '2024-06-01', '2026-05-31', 0),
(49, 59, 'Renta', 2600, '2024-04-01', '2024-10-31', 0),
(50, 60, 'Renta', 2112, '2024-01-01', '2025-01-31', 0),
(51, 61, 'Renta', 2200, '2023-12-15', '2024-11-30', 0),
(52, 21, 'Mantenimiento', 200, '2024-06-13', '2025-06-12', 0),
(53, 21, 'Estacionamiento', 1, '2024-06-13', '2024-07-13', 1),
(54, 15, 'Mantenimiento', 200, '2024-01-01', '2024-12-31', 0),
(55, 19, 'Mantenimiento ', 200, '2024-02-01', '2025-01-31', 0),
(56, 22, 'Mantenimiento', 200, '2023-10-15', '2024-10-14', 0),
(57, 24, 'Mantenimiento', 200, '2024-06-17', '2025-06-16', 0),
(58, 25, 'Mantenimiento', 200, '2024-06-10', '2025-06-09', 0),
(59, 27, 'Mantenimiento', 200, '2023-12-08', '2024-12-07', 0),
(60, 28, 'Mantenimiento ', 200, '2024-02-10', '2025-02-09', 0),
(61, 29, 'Mantenimiento ', 200, '2024-04-10', '2025-04-09', 0),
(62, 28, 'Mantenimiento', 1, '2024-02-10', '2024-03-10', 0),
(63, 62, 'Renta', 12600, '2024-09-01', '2025-08-31', 0),
(64, 63, 'Renta', 14100, '2024-01-16', '2025-01-15', 0),
(65, 64, 'Renta', 8800, '2024-09-01', '2025-08-31', 0),
(66, 65, 'Renta', 14500, '2024-09-10', '2025-09-07', 0),
(67, 66, 'Renta', 14400, '2024-07-01', '2025-06-30', 0),
(68, 67, 'Renta', 13400, '2024-06-15', '2025-06-14', 0),
(69, 68, 'Renta', 8800, '2024-07-15', '2025-07-14', 0),
(70, 69, 'Renta', 8400, '2024-07-02', '2025-06-30', 0),
(71, 67, 'Mantenimiento', 200, '2024-06-15', '2025-06-14', 0),
(72, 63, 'Mantenimiento', 200, '2024-01-16', '2025-01-15', 0),
(73, 69, 'Mantenimiento', 200, '2024-07-02', '2025-06-30', 0),
(74, 68, 'Mantenimiento', 200, '2024-07-15', '2025-07-14', 0),
(75, 66, 'Mantenimiento', 200, '2024-07-01', '2025-06-30', 0),
(76, 62, 'Mantenimiento', 200, '2024-09-01', '2025-08-31', 0),
(77, 65, 'Mantenimiento ', 200, '2024-09-10', '2025-09-07', 0),
(78, 64, 'Mantenimiento ', 200, '2024-09-01', '2025-08-31', 0),
(79, 70, 'Renta', 65000, '2023-05-17', '2028-05-16', 0),
(80, 71, 'Renta', 9800, '2024-08-01', '2025-07-31', 0),
(81, 71, 'Mantenimiento', 200, '2024-08-01', '2025-07-31', 0),
(82, 72, 'Renta', 13920, '2024-09-02', '2024-10-15', 0),
(83, 73, 'Renta', 13000, '2024-07-01', '2025-06-26', 0),
(84, 73, 'Mantenimiento', 200, '2024-07-01', '2025-06-26', 0),
(85, 74, 'Renta', 9800, '2024-09-13', '2025-09-12', 0),
(86, 74, 'Mantenimiento', 200, '2024-09-13', '2025-09-12', 0),
(87, 75, 'Renta', 16500, '2024-08-26', '2025-08-25', 0),
(88, 75, 'Mantenimiento', 200, '2024-08-26', '2025-08-25', 0),
(89, 76, 'Renta', 13300, '2024-02-22', '2025-02-21', 0),
(90, 76, 'Mantenimiento', 200, '2024-02-22', '2025-02-21', 0),
(91, 77, 'Renta', 8600, '2024-10-15', '2025-04-14', 0),
(92, 78, 'Renta', 9800, '2024-10-01', '2025-09-30', 0),
(93, 78, 'Mantenimiento', 200, '2024-10-01', '2025-09-30', 0),
(94, 79, 'Renta', 12500, '2024-10-18', '2025-10-17', 0),
(95, 79, 'Mantenimiento ', 200, '2024-10-18', '2025-10-17', 0),
(96, 80, 'Renta', 3600, '2025-01-01', '2025-01-03', 0),
(97, 81, 'Renta', 12500, '2024-11-01', '2025-10-31', 0),
(98, 81, 'Mantenimiento', 200, '2024-11-01', '2025-10-31', 0),
(99, 82, 'Renta', 10000, '2024-11-17', '2025-01-16', 0),
(100, 83, 'Renta', 16500, '2024-09-15', '2025-09-14', 0),
(101, 83, 'Mantenimiento ', 200, '2024-09-15', '2025-09-14', 0),
(102, 84, 'Renta', 57500, '2024-11-15', '2025-11-14', 0),
(103, 85, 'Renta', 17000, '2024-12-05', '2025-12-04', 0),
(104, 86, 'Renta', 8300, '2024-08-15', '2025-03-14', 0),
(105, 77, 'Mantenimiento ', 200, '2024-10-15', '2025-04-14', 0),
(106, 87, 'Renta', 14000, '2024-07-01', '2025-12-15', 0),
(107, 25, 'Estacionamiento ', 1000, '2024-06-10', '2025-06-09', 0),
(108, 88, 'Renta', 13500, '2024-11-28', '2025-11-27', 0),
(109, 88, 'Mantenimiento ', 200, '2024-11-28', '2025-11-27', 0),
(110, 62, 'Estacionamiento ', 1000, '2024-09-01', '2025-08-31', 0),
(111, 89, 'Renta', 8700, '2024-12-08', '2025-12-07', 0),
(112, 89, 'Mantenimiento ', 200, '2024-12-08', '2025-12-07', 0),
(113, 86, 'Mantenimiento ', 200, '2024-08-15', '2025-03-15', 0),
(114, 90, 'Renta', 8500, '2024-08-01', '2024-10-31', 0),
(115, 91, 'Renta', 8500, '2024-11-01', '2025-10-31', 0),
(116, 91, 'Mantenimiento ', 200, '2024-11-01', '2025-10-31', 0),
(117, 92, 'Renta', 15000, '2024-11-15', '2026-11-15', 0),
(118, 93, 'Renta', 6500, '2024-06-04', '2025-06-03', 1),
(119, 94, 'Renta', 21500, '2024-05-15', '2025-05-14', 0),
(120, 95, 'Renta', 70000, '2023-09-25', '2024-09-24', 0),
(121, 96, 'Renta', 73150, '2024-09-25', '2025-09-24', 0),
(122, 97, 'Renta', 14100, '2024-01-16', '2025-02-16', 0),
(123, 98, 'Renta', 6000, '2025-01-01', '2025-01-09', 0),
(124, 99, 'Renta', 17500, '2024-07-22', '2026-07-21', 0),
(125, 100, 'Renta', 14500, '2024-12-13', '2025-12-12', 0),
(126, 100, 'Mantenimiento ', 200, '2024-12-13', '2025-12-12', 0),
(127, 101, 'Renta', 14500, '2024-12-05', '2025-12-04', 0),
(128, 102, 'Renta', 8800, '2025-01-17', '2026-01-16', 0),
(129, 102, ' Mantenimiento ', 200, '2025-01-17', '2026-01-16', 0),
(130, 103, 'Renta', 14000, '2025-01-17', '2025-07-16', 0),
(131, 103, 'Mantenimiento ', 200, '2025-01-17', '2025-07-16', 0),
(132, 97, ' Mantenimiento ', 200, '2024-01-16', '2025-02-16', 0),
(133, 105, 'Renta', 14000, '2025-02-04', '2026-02-03', 0),
(134, 105, 'Mantenimiento ', 200, '2025-02-04', '2026-02-03', 0),
(135, 106, 'Renta', 14300, '2025-02-01', '2026-01-31', 0),
(136, 106, 'Mantenimiento ', 200, '2025-02-01', '2026-01-31', 0),
(137, 107, 'Renta', 11000, '2025-02-01', '2025-12-31', 0),
(138, 107, 'Mantenimiento ', 200, '2025-02-01', '2025-12-31', 0),
(139, 109, 'Renta', 7800, '2025-02-17', '2026-02-16', 0),
(140, 109, 'Mantenimiento ', 200, '2025-02-17', '2026-02-16', 0),
(141, 110, 'Renta', 8800, '2025-02-15', '2026-02-14', 0),
(142, 110, 'Mantenimiento ', 200, '2025-02-15', '2026-02-14', 0),
(143, 111, 'Renta', 20000, '2025-02-15', '2026-02-14', 0),
(145, 112, 'Renta', 8800, '2025-02-10', '2026-02-09', 0),
(146, 112, 'Mantenimiento', 200, '2025-02-10', '2026-02-09', 0),
(147, 113, 'Renta', 14500, '2025-01-15', '2026-02-14', 0),
(148, 114, 'Renta', 14500, '2025-01-15', '2026-02-14', 0),
(149, 104, 'Renta', 10200, '2025-02-01', '2026-01-31', 0),
(150, 104, 'Mantenimiento', 200, '2025-02-01', '2026-01-31', 0),
(151, 115, 'Renta', 12000, '2025-03-01', '2026-02-28', 0),
(152, 115, 'Mantenimiento', 200, '2025-03-01', '2026-02-28', 0),
(153, 116, 'Renta', 9300, '2025-03-21', '2026-06-20', 0),
(154, 116, 'Mantenimiento', 200, '2025-03-21', '2025-06-20', 0),
(155, 117, 'Renta', 13500, '2025-02-22', '2026-02-21', 0),
(156, 117, 'Mantenimiento', 200, '2025-02-22', '2026-02-21', 0),
(157, 118, 'Renta', 9800, '2025-04-07', '2026-04-06', 0),
(158, 118, 'Mantenimiento', 200, '2025-04-07', '2026-04-06', 0),
(159, 119, 'Renta', 9800, '2025-03-18', '2025-11-17', 0),
(160, 119, 'Mantenimiento ', 200, '2025-03-18', '2025-11-17', 0),
(161, 120, 'Renta', 10000, '2025-05-01', '2025-07-31', 0),
(162, 120, 'Mantenimiento ', 200, '2025-05-01', '2025-07-31', 0),
(163, 121, 'Renta', 7800, '2025-03-01', '2026-02-28', 0),
(164, 121, 'Mantenimiento ', 200, '2025-03-01', '2026-02-28', 0),
(165, 122, 'Renta', 8800, '2025-03-18', '2026-03-17', 0),
(166, 122, 'Mantenimiento', 200, '2025-03-18', '2026-03-17', 0),
(167, 123, 'Renta', 2300, '2024-11-15', '2025-10-31', 0),
(168, 124, 'Renta', 2400, '2025-01-01', '2026-01-31', 0),
(169, 125, 'Renta', 2150, '2025-04-15', '2026-04-30', 0),
(170, 126, 'Renta', 2200, '2024-12-01', '2025-11-30', 0),
(171, 127, 'Renta', 2400, '2024-08-01', '2025-07-31', 0),
(172, 128, 'Renta', 14000, '2025-05-27', '2026-05-26', 0),
(173, 128, 'Mantenimiento', 200, '2025-05-27', '2026-05-26', 0),
(174, 129, 'Renta', 16000, '2025-04-18', '2026-04-17', 0),
(175, 129, 'Mantenimiento ', 200, '2025-04-18', '2026-04-17', 0),
(176, 130, 'Renta', 7800, '2025-05-25', '2026-05-24', 0),
(177, 130, 'Mantenimiento ', 200, '2025-05-25', '2026-05-24', 0),
(178, 131, 'Renta', 9800, '2025-05-21', '2026-05-20', 0),
(179, 131, 'Mantenimientos', 200, '2025-05-21', '2026-05-20', 0),
(180, 132, 'Renta', 17000, '2025-06-06', '2025-12-05', 0),
(181, 133, 'Renta', 8800, '2025-06-13', '2026-06-12', 0),
(182, 134, 'Renta', 8800, '2025-06-13', '2026-06-12', 0),
(183, 133, 'Mantenimiento', 200, '2025-06-13', '2026-06-12', 0),
(184, 135, 'Renta', 14800, '2025-06-15', '2026-06-14', 0),
(185, 135, 'Mantenimiento', 200, '2025-06-15', '2026-06-14', 0),
(186, 136, 'Renta', 8800, '2025-07-11', '2026-07-10', 0),
(187, 136, 'Mantenimiento', 200, '2025-07-11', '2026-07-10', 0),
(188, 137, 'Renta', 9500, '2025-07-11', '2026-07-10', 0),
(189, 137, 'Mantenimiento', 200, '2025-07-11', '2026-07-10', 0),
(190, 138, 'Renta', 15500, '2025-07-01', '2026-06-30', 0),
(191, 138, 'Mantenimiento ', 200, '2025-07-01', '2026-06-30', 0),
(192, 139, 'Renta', 65000, '2025-07-15', '2026-07-14', 0),
(193, 140, 'Renta', 13000, '2025-06-20', '2026-06-19', 0),
(194, 140, 'Mantenimiento', 200, '2025-06-20', '2026-06-19', 0),
(195, 141, 'Renta', 8700, '2025-07-01', '2026-06-30', 0),
(196, 141, 'Mantenimiento', 200, '2025-07-01', '2026-06-30', 0),
(197, 143, 'Renta', 9150, '2025-07-15', '2026-07-14', 0),
(198, 143, 'Mantenimiento', 200, '2025-07-15', '2026-07-14', 0),
(199, 144, 'Renta', 8800, '2025-04-18', '2025-09-17', 0),
(200, 144, 'Mantenimiento', 200, '2025-04-18', '2025-09-17', 0),
(201, 145, 'Renta', 14400, '2025-06-10', '2026-01-09', 0),
(202, 145, 'Mantenimiento', 200, '2025-06-10', '2026-01-09', 0),
(203, 145, 'Estacionamiento', 1000, '2025-06-10', '2026-01-09', 0),
(204, 146, 'Renta', 11500, '2025-07-01', '2026-06-30', 0),
(205, 146, 'Mantenimiento', 200, '2025-07-01', '2026-06-30', 0),
(206, 147, 'Renta', 5000, '2025-07-15', '2026-01-14', 0),
(207, 148, 'Renta', 22467, '2025-06-27', '2025-09-26', 0),
(208, 149, 'Renta', 22467, '2025-06-27', '2025-09-26', 0),
(209, 150, 'Renta', 115000, '2025-04-01', '2025-10-31', 0),
(210, 113, 'Mantenimiento', 200, '2025-01-15', '2026-02-14', 0),
(211, 151, 'Renta', 13800, '2025-06-15', '2026-06-14', 0),
(212, 151, 'Mantenimiento', 200, '2025-06-15', '2026-06-14', 0),
(213, 152, 'Renta', 14000, '2025-07-21', '2026-07-20', 0),
(214, 153, 'Renta', 1, '2025-08-15', '2030-08-14', 0),
(215, 154, 'Renta', 50000, '2025-08-15', '2026-08-14', 0),
(216, 102, 'Agua', 1, '2025-08-17', '2026-01-16', 0),
(217, 112, 'Agua', 1, '2025-08-10', '2026-02-09', 0),
(218, 121, 'Agua', 1, '2025-08-01', '2026-02-28', 0),
(219, 65, 'Agua', 1, '2025-08-07', '2025-09-07', 0),
(220, 106, 'Agua', 1, '2025-08-01', '2026-01-31', 0),
(221, 100, 'Agua', 1, '2025-08-13', '2025-12-12', 0),
(222, 133, 'Agua', 1, '2025-08-13', '2026-06-12', 0),
(223, 144, 'Agua', 1, '2025-08-17', '2025-09-17', 0),
(224, 109, 'Agua', 1, '2025-08-17', '2026-02-16', 0),
(225, 128, 'Agua', 1, '2025-08-27', '2026-05-26', 0),
(226, 145, 'Agua', 1, '2025-08-10', '2026-01-09', 0),
(227, 88, 'Agua', 1, '2025-08-28', '2025-11-27', 0),
(228, 89, 'Agua', 1, '2025-08-08', '2025-12-07', 0),
(229, 136, 'Agua', 1, '2025-08-11', '2026-07-10', 0),
(230, 130, 'Agua', 1, '2025-08-25', '2026-05-24', 0),
(231, 135, 'Agua', 1, '2025-08-15', '2026-06-14', 0),
(232, 113, 'Agua', 1, '2025-08-15', '2026-02-14', 0),
(233, 105, 'Agua', 1, '2025-08-04', '2026-02-03', 0),
(234, 91, 'Agua', 1, '2025-08-01', '2025-10-31', 0),
(235, 141, 'Agua', 1, '2025-08-01', '2026-06-30', 0),
(236, 143, 'Agua', 1, '2025-08-15', '2026-07-14', 0),
(237, 151, 'Agua', 1, '2025-08-15', '2026-06-14', 0),
(238, 96, 'Agua', 1, '2025-08-24', '2025-09-24', 0),
(239, 96, 'Luz', 1, '2025-08-24', '2025-09-24', 0),
(240, 138, 'Agua', 160, '2025-07-01', '2026-06-30', 0),
(241, 138, 'Luz', 1, '2025-07-01', '2026-06-30', 0),
(242, 115, 'Agua', 160, '2025-03-01', '2026-02-28', 0),
(243, 115, 'Luz', 1, '2025-03-01', '2026-02-28', 0),
(244, 131, 'Agua', 160, '2025-05-21', '2026-05-20', 0),
(245, 131, 'Luz', 1, '2025-05-21', '2026-05-20', 0),
(246, 137, 'Agua', 160, '2025-07-11', '2026-07-10', 0),
(247, 137, 'Luz', 1, '2025-07-11', '2026-07-10', 0),
(248, 75, 'Agua', 160, '2024-08-26', '2025-08-25', 0),
(249, 75, 'Luz', 1, '2024-08-26', '2025-08-25', 0),
(250, 146, 'Agua', 160, '2025-07-01', '2026-06-30', 0),
(251, 146, 'Luz', 1, '2025-07-01', '2026-06-30', 0),
(252, 117, 'Agua', 160, '2025-02-22', '2026-02-21', 0),
(253, 117, 'Luz', 1, '2025-02-22', '2026-02-21', 0),
(254, 81, 'Agua', 160, '2024-11-01', '2025-10-31', 0),
(255, 81, 'Luz', 1, '2024-11-01', '2025-10-31', 0),
(256, 104, 'Agua', 160, '2025-02-01', '2026-01-31', 0),
(257, 104, 'Luz', 1, '2025-02-01', '2026-01-31', 0),
(258, 118, 'Agua', 160, '2025-04-07', '2026-04-06', 0),
(259, 118, 'Luz', 1, '2025-04-07', '2026-04-06', 0),
(260, 119, 'Agua', 160, '2025-03-18', '2025-11-17', 0),
(261, 119, 'Luz', 1, '2025-03-18', '2025-11-17', 0),
(262, 74, 'Agua', 160, '2024-09-13', '2025-09-15', 0),
(263, 74, 'Luz', 1, '2024-09-13', '2025-09-15', 0),
(264, 110, 'Agua', 160, '2025-02-15', '2026-02-14', 0),
(265, 110, 'Luz', 1, '2025-02-15', '2026-02-14', 0),
(266, 140, 'Agua', 160, '2025-06-20', '2026-06-19', 0),
(267, 140, 'Luz', 1, '2025-06-20', '2026-06-19', 0),
(268, 107, 'Agua', 160, '2025-02-01', '2025-12-31', 0),
(269, 107, 'Luz', 1, '2025-02-01', '2025-12-31', 0),
(270, 83, 'Agua', 160, '2024-09-15', '2025-09-14', 0),
(271, 83, 'Luz', 1, '2024-09-15', '2025-09-14', 0),
(272, 155, 'Renta', 15000, '2025-08-18', '2025-11-18', 0),
(273, 155, 'Mantenimiento', 200, '2025-08-18', '2025-11-18', 0),
(274, 155, 'Agua', 160, '2025-08-18', '2025-11-18', 0),
(275, 155, 'Luz', 1, '2025-08-18', '2025-11-18', 0);

-- --------------------------------------------------------

--
-- Table structure for table `groups_types`
--

CREATE TABLE `groups_types` (
  `id` tinyint(3) UNSIGNED NOT NULL,
  `label` varchar(50) NOT NULL
) ENGINE=InnoDB DEFAULT CHARSET=latin1 COLLATE=latin1_swedish_ci;

--
-- Dumping data for table `groups_types`
--

INSERT INTO `groups_types` (`id`, `label`) VALUES
(1, ''),
(2, 'Edificio'),
(3, 'Mixto'),
(4, 'Comercial'),
(5, 'Oficina'),
(6, 'Casa aislada'),
(7, 'Departamento Aislado');

-- --------------------------------------------------------

--
-- Table structure for table `properties`
--

CREATE TABLE `properties` (
  `id` smallint(5) UNSIGNED NOT NULL,
  `type` tinyint(3) UNSIGNED NOT NULL,
  `status` tinyint(3) UNSIGNED NOT NULL,
  `group` smallint(5) UNSIGNED NOT NULL DEFAULT 0,
  `title` varchar(50) NOT NULL,
  `description` varchar(255) NOT NULL,
  `assignment` smallint(5) UNSIGNED NOT NULL DEFAULT 0,
  `active` tinyint(1) UNSIGNED NOT NULL DEFAULT 1
) ENGINE=InnoDB DEFAULT CHARSET=latin1 COLLATE=latin1_swedish_ci;

--
-- Dumping data for table `properties`
--

INSERT INTO `properties` (`id`, `type`, `status`, `group`, `title`, `description`, `assignment`, `active`) VALUES
(23, 2, 3, 4, '312-B', 'Piso superior completo', 3, 1),
(24, 2, 2, 4, '312-C', 'Depa pequeño', 3, 1),
(25, 3, 3, 5, 'Local Restaurante', 'Local preparado para restaurante', 0, 1),
(26, 2, 3, 5, 'Passport 2-1', 'Departamento de 1 recámara', 3, 1),
(27, 3, 3, 7, 'Taller Mecánico', 'Taller Mecánico', 3, 1),
(28, 2, 3, 6, 'Distrito 1-1', 'Departamento studio', 3, 1),
(29, 4, 2, 8, '327', 'Oficina dos pisos', 5, 1),
(30, 4, 3, 8, '331', 'Oficina dos pisos', 0, 1),
(31, 4, 3, 4, '312-A', 'Oficina de 1 piso', 3, 1),
(32, 2, 3, 9, 'Condesa', 'Departamento en edificio', 5, 1),
(33, 2, 3, 9, 'Xilofactos', 'Departamento en edificio', 3, 1),
(34, 4, 2, 11, 'Golfo 1', 'Oficina multiniveles', 0, 1),
(35, 4, 2, 11, 'Golfo 2', 'Oficina multiniveles', 0, 1),
(36, 4, 2, 11, 'Mar caribe', 'Oficina multiniveles', 3, 1),
(37, 2, 3, 6, 'Distrito 1-2 ', 'estudio', 3, 1),
(38, 2, 3, 6, 'Distrito 1-3 ', '', 3, 1),
(39, 2, 3, 6, 'Distrito 1-4', '', 3, 1),
(40, 2, 3, 6, 'Distrito 1-5', '', 3, 1),
(41, 2, 3, 6, 'Distrito 2-1', '', 3, 1),
(42, 2, 3, 6, 'Distrito 2-2', '', 3, 1),
(43, 2, 3, 6, 'Distrito 2-3', '', 3, 1),
(44, 2, 3, 6, 'Distrito 2-4', '', 3, 1),
(45, 2, 3, 6, 'Distrito 2-5', '', 3, 1),
(46, 2, 3, 6, 'Distrito 2-6', '', 3, 1),
(47, 2, 3, 6, 'Distrito 3-1', '', 3, 1),
(48, 2, 3, 6, 'Distrito 3-2', '', 3, 1),
(49, 2, 3, 6, 'Distrito 3-3', '', 3, 1),
(50, 2, 3, 6, 'Distrito 3-4 ', '', 3, 1),
(51, 2, 3, 6, 'Distrito 3-5', '', 3, 1),
(52, 2, 3, 6, 'Distrito 3-6', '', 3, 1),
(53, 2, 3, 6, 'Distrito 4-1', '', 3, 1),
(54, 2, 3, 6, 'Distrito 4-2', '', 3, 1),
(55, 2, 3, 6, 'Distrito 4-3', '', 3, 1),
(56, 2, 3, 6, 'Distrito 4-4', '', 3, 1),
(57, 2, 3, 6, 'Distrito 4-5', '', 3, 1),
(58, 2, 3, 6, 'Distrito 4-6', '', 3, 1),
(59, 2, 3, 5, 'Passport 2-2', '', 3, 1),
(60, 2, 3, 5, 'Passport 2-3', '', 3, 1),
(61, 2, 3, 5, 'Passport 2-4 ', '', 3, 1),
(62, 2, 3, 5, 'Passport 2-5 ', '', 3, 1),
(63, 2, 3, 5, 'Passport 2-6', '', 3, 1),
(64, 2, 3, 5, 'Passport 2-7', '', 3, 1),
(65, 2, 3, 5, 'Passport 2-8 ', '', 3, 1),
(66, 2, 3, 5, 'Passport 3-1', '', 3, 1),
(67, 2, 3, 5, 'Passport 3-2', '', 3, 1),
(68, 2, 3, 5, 'Passport 3-3', '', 3, 1),
(69, 2, 3, 5, 'Passport 3-4', '', 3, 1),
(70, 2, 3, 5, 'Passport 3-5', '', 3, 1),
(71, 2, 3, 5, 'Passport 3-6', '', 3, 1),
(72, 2, 3, 5, 'Passport 3-7 ', '', 3, 1),
(73, 2, 3, 5, 'Passport 3-8', '', 3, 1),
(74, 2, 3, 5, 'Passport 3-9', '', 3, 1),
(75, 2, 3, 5, 'Passport 3-10', '', 3, 1),
(76, 2, 3, 5, 'Passport 3-11', '', 3, 1),
(77, 2, 3, 5, 'Passport 3-12', '', 3, 1),
(78, 1, 3, 10, 'Cactus Flower 472', '', 5, 1),
(79, 1, 3, 10, 'Colbert Ferry 322', '', 5, 1),
(80, 1, 3, 10, 'Erstein Valley 12359', '', 5, 1),
(81, 1, 3, 10, 'Grey Sotol Way 4675', 'z', 5, 1),
(82, 1, 3, 10, 'Grey Sotol Way 4679', '', 5, 1),
(83, 1, 3, 10, 'Luneville Lane 10333', '', 5, 1),
(84, 1, 3, 9, 'Toño', '.', 0, 1),
(85, 1, 3, 9, 'Gabo', '', 0, 1),
(86, 5, 3, 5, 'Lavadoras', 'Para registrar el dinero recaudado en las lavadoras', 0, 1);

-- --------------------------------------------------------

--
-- Table structure for table `properties_groups`
--

CREATE TABLE `properties_groups` (
  `id` smallint(5) UNSIGNED NOT NULL,
  `type` tinyint(3) UNSIGNED NOT NULL,
  `title` varchar(50) NOT NULL,
  `description` varchar(255) NOT NULL,
  `address` varchar(150) NOT NULL,
  `active` tinyint(1) UNSIGNED NOT NULL DEFAULT 1
) ENGINE=InnoDB DEFAULT CHARSET=latin1 COLLATE=latin1_swedish_ci;

--
-- Dumping data for table `properties_groups`
--

INSERT INTO `properties_groups` (`id`, `type`, `title`, `description`, `address`, `active`) VALUES
(1, 1, '', '', '', 0),
(4, 3, 'San Salvador', '', 'San Salvador 312', 1),
(5, 3, 'Passport', '', 'Paseo de los Leones 608', 1),
(6, 2, 'Distrito', '', 'Distrito b 8', 1),
(7, 4, 'Taller Mecánico', 'Local preparado para taller', 'Paseo de los Leones 1920', 1),
(8, 5, 'Las Torreones', 'Twin offices', 'Torreon 327', 1),
(9, 7, 'Independientes', '', 'Varios', 1),
(10, 6, 'San Antonio', '', 'Varios', 1),
(11, 5, 'Bodega+', '', 'Golfo de México', 1);

-- --------------------------------------------------------

--
-- Table structure for table `properties_status`
--

CREATE TABLE `properties_status` (
  `id` tinyint(3) UNSIGNED NOT NULL,
  `label` varchar(50) NOT NULL
) ENGINE=InnoDB DEFAULT CHARSET=latin1 COLLATE=latin1_swedish_ci;

--
-- Dumping data for table `properties_status`
--

INSERT INTO `properties_status` (`id`, `label`) VALUES
(1, 'En Venta'),
(2, 'En Renta'),
(3, 'Rentada'),
(4, 'Vendida'),
(5, 'En Reparación'),
(6, 'Reparada');

-- --------------------------------------------------------

--
-- Table structure for table `properties_types`
--

CREATE TABLE `properties_types` (
  `id` tinyint(3) UNSIGNED NOT NULL,
  `label` varchar(50) NOT NULL
) ENGINE=InnoDB DEFAULT CHARSET=latin1 COLLATE=latin1_swedish_ci;

--
-- Dumping data for table `properties_types`
--

INSERT INTO `properties_types` (`id`, `label`) VALUES
(1, 'Casa'),
(2, 'Departamento'),
(3, 'Local'),
(4, 'Oficina'),
(5, 'Lavadoras');

-- --------------------------------------------------------

--
-- Table structure for table `property_contracts`
--

CREATE TABLE `property_contracts` (
  `id` mediumint(8) UNSIGNED NOT NULL,
  `property` smallint(5) UNSIGNED NOT NULL,
  `type` varchar(10) NOT NULL DEFAULT 'express',
  `due_date` tinyint(2) UNSIGNED NOT NULL,
  `start_date` date NOT NULL,
  `end_date` date NOT NULL,
  `in_date` date NOT NULL,
  `out_date` date NOT NULL,
  `currency` varchar(3) NOT NULL DEFAULT 'mxn',
  `canceled` tinyint(1) UNSIGNED NOT NULL DEFAULT 0,
  `finalized` tinyint(1) UNSIGNED NOT NULL DEFAULT 0
) ENGINE=InnoDB DEFAULT CHARSET=latin1 COLLATE=latin1_swedish_ci;

--
-- Dumping data for table `property_contracts`
--

INSERT INTO `property_contracts` (`id`, `property`, `type`, `due_date`, `start_date`, `end_date`, `in_date`, `out_date`, `currency`, `canceled`, `finalized`) VALUES
(11, 31, 'recurring', 1, '2024-01-10', '2025-01-31', '2024-01-10', '2025-01-31', 'mxn', 0, 1),
(12, 23, 'recurring', 15, '2024-06-01', '2025-05-31', '2024-06-01', '2025-05-31', 'mxn', 1, 0),
(13, 24, 'recurring', 1, '2024-06-01', '2025-05-31', '2024-06-01', '2025-05-31', 'mxn', 1, 1),
(14, 25, 'recurring', 15, '2024-04-01', '2025-03-31', '2024-04-01', '2025-03-31', 'mxn', 1, 1),
(15, 28, 'recurring', 1, '2024-01-01', '2024-12-31', '2024-01-01', '2024-12-31', 'mxn', 0, 1),
(16, 37, 'recurring', 1, '2024-02-01', '2024-07-31', '2024-02-01', '2024-07-31', 'mxn', 0, 1),
(17, 38, 'recurring', 1, '2023-08-02', '2024-08-01', '2023-08-02', '2024-08-01', 'mxn', 0, 1),
(18, 39, 'recurring', 1, '2023-07-24', '2024-07-23', '2023-07-24', '2024-07-23', 'mxn', 0, 1),
(19, 40, 'recurring', 1, '2024-02-01', '2025-01-31', '2024-02-01', '2025-01-31', 'mxn', 0, 1),
(20, 41, 'recurring', 15, '2023-11-15', '2025-11-14', '2023-11-15', '2025-11-14', 'mxn', 1, 1),
(21, 42, 'recurring', 13, '2024-06-13', '2025-06-12', '2024-06-13', '2025-06-12', 'mxn', 0, 1),
(22, 43, 'recurring', 12, '2023-10-12', '2024-10-14', '2023-10-12', '2024-10-14', 'mxn', 0, 1),
(23, 45, 'recurring', 1, '2023-06-28', '2024-06-27', '2023-06-28', '2024-06-27', 'mxn', 0, 1),
(24, 44, 'recurring', 15, '2024-06-17', '2025-06-16', '2024-06-17', '2025-06-16', 'mxn', 1, 1),
(25, 46, 'recurring', 10, '2024-06-10', '2025-06-09', '2024-06-10', '2025-06-09', 'mxn', 0, 0),
(26, 47, 'recurring', 1, '2023-09-29', '2024-10-15', '2023-09-29', '2024-10-15', 'mxn', 0, 1),
(27, 48, 'recurring', 8, '2023-12-08', '2024-12-07', '2023-12-08', '2024-12-07', 'mxn', 0, 1),
(28, 49, 'recurring', 15, '2024-02-10', '2025-02-09', '2024-02-10', '2025-02-09', 'mxn', 0, 1),
(29, 50, 'recurring', 15, '2024-04-08', '2025-04-07', '2024-04-08', '2025-04-07', 'mxn', 0, 1),
(30, 51, 'recurring', 1, '2023-09-01', '2024-08-31', '2023-09-01', '2024-08-31', 'mxn', 0, 1),
(31, 52, 'recurring', 26, '2023-06-26', '2024-06-25', '2023-06-26', '2024-06-25', 'mxn', 0, 1),
(32, 53, 'express', 8, '2024-06-09', '2024-06-08', '2024-06-09', '2024-06-08', 'mxn', 0, 1),
(33, 55, 'recurring', 3, '2023-07-03', '2024-07-02', '2023-07-03', '2024-07-02', 'mxn', 0, 1),
(34, 56, 'recurring', 5, '2023-12-05', '2024-12-04', '2023-12-05', '2024-12-04', 'mxn', 0, 1),
(35, 57, 'recurring', 15, '2024-01-16', '2025-01-15', '2024-01-16', '2025-01-15', 'mxn', 0, 1),
(36, 59, 'recurring', 15, '2023-09-15', '2024-09-14', '2023-09-15', '2024-09-14', 'mxn', 0, 1),
(37, 26, 'recurring', 15, '2023-11-15', '2024-11-14', '2023-11-15', '2024-11-14', 'mxn', 0, 1),
(38, 61, 'recurring', 15, '2023-10-19', '2024-10-18', '2023-10-19', '2024-10-18', 'mxn', 0, 1),
(39, 62, 'recurring', 1, '2023-06-28', '2024-06-27', '2023-06-28', '2024-06-27', 'mxn', 0, 1),
(40, 60, 'recurring', 22, '2023-11-22', '2024-11-21', '2023-11-22', '2024-11-21', 'mxn', 0, 1),
(41, 63, 'recurring', 21, '2024-02-21', '2024-12-20', '2024-02-21', '2024-12-20', 'mxn', 0, 1),
(42, 64, 'recurring', 26, '2023-10-26', '2024-10-25', '2023-10-26', '2024-10-25', 'mxn', 0, 1),
(43, 65, 'recurring', 1, '2024-03-01', '2025-02-28', '2024-03-01', '2025-02-28', 'mxn', 1, 1),
(44, 66, 'recurring', 26, '2023-09-26', '2024-09-25', '2023-09-26', '2024-09-25', 'mxn', 0, 1),
(45, 67, 'recurring', 15, '2024-02-15', '2024-08-14', '2024-02-15', '2024-08-14', 'mxn', 0, 1),
(46, 68, 'recurring', 15, '2024-02-15', '2025-02-14', '2024-02-15', '2025-02-14', 'mxn', 1, 1),
(47, 69, 'recurring', 21, '2023-06-21', '2024-07-20', '2023-06-21', '2024-07-20', 'mxn', 0, 1),
(48, 70, 'recurring', 1, '2024-02-01', '2025-01-31', '2024-02-01', '2025-01-31', 'mxn', 0, 1),
(49, 71, 'recurring', 26, '2024-01-26', '2025-01-25', '2024-01-26', '2025-01-25', 'mxn', 1, 1),
(50, 72, 'recurring', 1, '2023-08-01', '2024-07-31', '2023-08-01', '2024-07-31', 'mxn', 0, 1),
(51, 73, 'recurring', 24, '2024-02-24', '2024-08-23', '2024-02-24', '2024-08-23', 'mxn', 0, 1),
(52, 74, 'recurring', 15, '2024-02-15', '2025-02-14', '2024-02-15', '2025-02-14', 'mxn', 0, 1),
(53, 83, 'recurring', 1, '2024-03-01', '2025-02-28', '2024-03-01', '2025-02-28', 'mxn', 0, 1),
(54, 77, 'express', 1, '2024-05-01', '2024-05-31', '2024-05-01', '2024-05-31', 'mxn', 0, 1),
(55, 77, 'express', 1, '2024-04-01', '2024-04-30', '2024-04-01', '2024-04-30', 'mxn', 0, 1),
(56, 77, 'express', 1, '2024-06-01', '2024-06-30', '2024-06-01', '2024-06-30', 'mxn', 0, 1),
(57, 80, 'recurring', 1, '2023-12-01', '2024-12-31', '2023-12-01', '2024-12-31', 'mxn', 0, 1),
(58, 79, 'recurring', 1, '2024-06-01', '2026-05-31', '2024-06-01', '2026-05-31', 'usd', 0, 0),
(59, 78, 'recurring', 1, '2024-04-01', '2024-10-31', '2024-04-01', '2024-10-31', 'mxn', 0, 1),
(60, 82, 'recurring', 15, '2024-01-01', '2025-01-31', '2024-01-01', '2025-01-31', 'mxn', 0, 1),
(61, 81, 'recurring', 1, '2023-12-15', '2024-11-30', '2023-12-15', '2024-11-30', 'mxn', 0, 1),
(62, 51, 'recurring', 15, '2024-09-01', '2025-08-31', '2024-09-01', '2025-08-31', 'mxn', 0, 0),
(63, 58, 'recurring', 15, '2024-01-16', '2025-01-15', '2024-01-16', '2025-01-15', 'mxn', 0, 1),
(64, 37, 'recurring', 1, '2024-09-01', '2025-08-31', '2024-09-01', '2025-08-31', 'mxn', 1, 1),
(65, 39, 'recurring', 8, '2024-09-10', '2025-09-07', '2024-09-10', '2025-09-07', 'mxn', 0, 0),
(66, 52, 'recurring', 1, '2024-07-01', '2025-05-31', '2024-07-01', '2025-05-31', 'mxn', 0, 1),
(67, 53, 'recurring', 15, '2024-06-15', '2025-06-14', '2024-06-15', '2025-06-14', 'mxn', 0, 1),
(68, 54, 'recurring', 15, '2024-07-15', '2025-07-14', '2024-07-15', '2025-07-14', 'mxn', 0, 1),
(69, 55, 'recurring', 1, '2024-07-02', '2025-06-30', '2024-07-02', '2025-06-30', 'mxn', 0, 1),
(70, 27, 'recurring', 15, '2023-05-17', '2028-05-16', '2023-05-17', '2028-05-16', 'mxn', 1, 0),
(71, 62, 'recurring', 1, '2024-08-01', '2025-07-31', '2024-08-01', '2025-07-31', 'mxn', 1, 1),
(72, 69, 'express', 15, '2024-09-02', '2024-10-15', '2024-09-02', '2024-10-15', 'mxn', 0, 1),
(73, 77, 'recurring', 26, '2024-06-27', '2025-06-26', '2024-06-27', '2025-06-26', 'mxn', 0, 1),
(74, 73, 'recurring', 15, '2024-09-13', '2025-09-15', '2024-09-13', '2025-09-15', 'mxn', 0, 0),
(75, 65, 'recurring', 26, '2024-08-26', '2025-08-25', '2024-08-26', '2025-08-25', 'mxn', 0, 0),
(76, 41, 'recurring', 15, '2024-02-22', '2025-02-21', '2024-02-22', '2025-02-21', 'mxn', 1, 1),
(77, 43, 'recurring', 15, '2024-10-15', '2025-04-14', '2024-10-15', '2025-04-14', 'mxn', 0, 1),
(78, 60, 'recurring', 1, '2024-10-01', '2025-09-30', '2024-10-01', '2025-09-30', 'mxn', 1, 1),
(79, 66, 'recurring', 18, '2024-10-18', '2025-10-17', '2024-10-18', '2025-10-17', 'mxn', 1, 1),
(80, 67, 'express', 1, '2025-01-01', '2025-01-03', '2025-01-01', '2025-01-03', 'mxn', 0, 1),
(81, 69, 'recurring', 1, '2024-11-01', '2025-10-31', '2024-11-01', '2025-10-31', 'mxn', 0, 0),
(82, 71, 'recurring', 17, '2024-11-17', '2025-01-16', '2024-11-17', '2025-01-16', 'mxn', 0, 1),
(83, 75, 'recurring', 15, '2024-09-15', '2025-09-14', '2024-09-15', '2025-09-14', 'mxn', 0, 0),
(84, 25, 'recurring', 1, '2024-11-01', '2025-03-31', '2024-11-01', '2025-03-31', 'mxn', 0, 1),
(85, 23, 'recurring', 5, '2024-12-05', '2025-12-04', '2024-12-05', '2025-12-04', 'mxn', 1, 1),
(86, 38, 'recurring', 1, '2024-08-15', '2025-03-15', '2024-08-15', '2025-03-15', 'mxn', 1, 1),
(87, 45, 'recurring', 1, '2024-07-01', '2025-12-14', '2024-07-01', '2025-12-14', 'mxn', 1, 1),
(88, 47, 'recurring', 1, '2024-11-28', '2025-11-27', '2024-11-28', '2025-11-27', 'mxn', 0, 0),
(89, 48, 'recurring', 8, '2024-12-08', '2025-12-07', '2024-12-08', '2025-12-07', 'mxn', 0, 0),
(90, 56, 'recurring', 1, '2024-08-01', '2024-10-31', '2024-08-01', '2024-10-31', 'mxn', 0, 1),
(91, 56, 'recurring', 1, '2024-11-01', '2025-10-31', '2024-11-01', '2025-10-31', 'mxn', 0, 0),
(92, 84, 'recurring', 15, '2024-11-15', '2026-11-15', '2024-11-15', '2026-11-15', 'mxn', 0, 0),
(93, 33, 'recurring', 4, '2024-06-04', '2025-06-03', '2024-06-04', '2025-06-03', 'mxn', 1, 1),
(94, 32, 'recurring', 15, '2024-05-27', '2025-06-26', '2024-05-27', '2025-06-26', 'mxn', 0, 0),
(95, 30, 'recurring', 25, '2023-09-25', '2024-09-24', '2023-09-25', '2024-09-24', 'mxn', 0, 1),
(96, 30, 'recurring', 25, '2024-09-25', '2025-09-24', '2024-09-25', '2025-09-24', 'mxn', 0, 0),
(97, 58, 'recurring', 16, '2024-01-16', '2025-02-16', '2024-01-16', '2025-02-16', 'mxn', 0, 1),
(98, 28, 'express', 1, '2025-01-01', '2025-01-09', '2025-01-01', '2025-01-09', 'mxn', 0, 1),
(99, 85, 'recurring', 15, '2024-06-15', '2026-06-14', '2024-06-15', '2026-06-14', 'mxn', 0, 0),
(100, 41, 'recurring', 15, '2024-12-13', '2025-12-12', '2024-12-13', '2025-12-12', 'mxn', 0, 0),
(101, 24, 'recurring', 5, '2024-12-05', '2025-12-04', '2024-12-05', '2025-12-04', 'mxn', 1, 1),
(102, 28, 'recurring', 17, '2025-01-17', '2026-01-16', '2025-01-17', '2026-01-16', 'mxn', 0, 0),
(103, 45, 'recurring', 17, '2025-01-17', '2025-07-16', '2025-01-17', '2025-07-16', 'mxn', 1, 1),
(104, 70, 'recurring', 1, '2025-02-01', '2026-01-31', '2025-02-01', '2026-01-31', 'mxn', 0, 0),
(105, 57, 'recurring', 4, '2025-02-04', '2026-02-03', '2025-02-04', '2026-02-03', 'mxn', 0, 0),
(106, 40, 'recurring', 1, '2025-02-01', '2026-01-31', '2025-02-01', '2026-01-31', 'mxn', 0, 0),
(107, 76, 'recurring', 1, '2025-02-01', '2025-12-31', '2025-02-01', '2025-12-31', 'mxn', 0, 0),
(108, 44, 'recurring', 16, '2025-02-17', '2026-02-16', '2025-02-17', '2026-02-16', 'mxn', 1, 1),
(109, 44, 'recurring', 17, '2025-02-17', '2026-02-16', '2025-02-17', '2026-02-16', 'mxn', 0, 0),
(110, 74, 'recurring', 15, '2025-02-15', '2026-02-14', '2025-02-15', '2026-02-14', 'mxn', 0, 0),
(111, 31, 'recurring', 15, '2025-02-15', '2026-02-14', '2025-02-15', '2026-02-14', 'mxn', 0, 0),
(112, 37, 'recurring', 10, '2025-02-10', '2026-02-09', '2025-02-10', '2026-02-09', 'mxn', 0, 0),
(113, 58, 'recurring', 15, '2025-01-15', '2026-02-14', '2025-01-15', '2026-02-14', 'mxn', 0, 0),
(114, 58, 'recurring', 15, '2025-01-15', '2026-02-14', '2025-01-15', '2026-02-14', 'mxn', 0, 1),
(115, 59, 'recurring', 1, '2025-03-01', '2026-02-28', '2025-03-01', '2026-02-28', 'mxn', 0, 0),
(116, 64, 'recurring', 21, '2025-03-21', '2025-07-20', '2025-03-21', '2025-07-20', 'mxn', 0, 1),
(117, 67, 'recurring', 22, '2025-02-22', '2026-02-21', '2025-02-22', '2026-02-21', 'mxn', 0, 0),
(118, 71, 'recurring', 7, '2025-04-07', '2026-04-06', '2025-04-07', '2026-04-06', 'mxn', 0, 0),
(119, 72, 'recurring', 18, '2025-03-18', '2025-11-17', '2025-03-18', '2025-11-17', 'mxn', 1, 1),
(120, 61, 'recurring', 15, '2025-05-01', '2025-07-31', '2025-05-01', '2025-07-31', 'mxn', 0, 0),
(121, 38, 'recurring', 1, '2025-03-01', '2026-02-28', '2025-03-01', '2026-02-28', 'mxn', 0, 0),
(122, 49, 'recurring', 18, '2025-03-18', '2026-03-17', '2025-03-18', '2026-03-17', 'mxn', 1, 1),
(123, 81, 'recurring', 15, '2024-11-15', '2025-10-31', '2024-11-15', '2025-10-31', 'usd', 0, 0),
(124, 82, 'recurring', 1, '2025-01-01', '2026-01-31', '2025-01-01', '2026-01-31', 'usd', 0, 0),
(125, 83, 'recurring', 15, '2025-04-15', '2026-04-30', '2025-04-15', '2026-04-30', 'usd', 0, 0),
(126, 80, 'recurring', 1, '2024-12-01', '2025-11-30', '2024-12-01', '2025-11-30', 'usd', 0, 0),
(127, 78, 'recurring', 1, '2024-08-01', '2026-07-31', '2024-08-01', '2026-07-31', 'usd', 0, 0),
(128, 45, 'recurring', 27, '2025-05-27', '2026-05-26', '2025-05-27', '2026-05-26', 'mxn', 0, 0),
(129, 68, 'recurring', 18, '2025-04-18', '2026-04-17', '2025-04-18', '2026-04-17', 'mxn', 1, 1),
(130, 50, 'recurring', 25, '2025-05-25', '2026-05-24', '2025-05-25', '2026-05-24', 'mxn', 0, 0),
(131, 60, 'recurring', 21, '2025-05-21', '2026-05-20', '2025-05-21', '2026-05-20', 'mxn', 0, 0),
(132, 23, 'recurring', 6, '2025-06-06', '2025-12-05', '2025-06-06', '2025-12-05', 'mxn', 0, 0),
(133, 42, 'recurring', 13, '2025-06-13', '2026-06-12', '2025-06-13', '2026-06-12', 'mxn', 0, 0),
(134, 42, 'recurring', 13, '2025-06-13', '2026-06-12', '2025-06-13', '2026-06-12', 'mxn', 1, 1),
(135, 52, 'recurring', 15, '2025-06-15', '2026-06-14', '2025-06-15', '2026-06-14', 'mxn', 0, 0),
(136, 49, 'recurring', 11, '2025-07-11', '2026-07-10', '2025-07-11', '2026-07-10', 'mxn', 0, 0),
(137, 63, 'recurring', 11, '2025-07-11', '2026-07-10', '2025-07-11', '2026-07-10', 'mxn', 0, 0),
(138, 26, 'recurring', 1, '2025-07-01', '2026-06-30', '2025-07-01', '2026-06-30', 'mxn', 0, 0),
(139, 27, 'recurring', 15, '2025-07-15', '2026-07-14', '2025-07-15', '2026-07-14', 'mxn', 0, 0),
(140, 77, 'recurring', 20, '2025-06-20', '2026-06-19', '2025-06-20', '2026-06-19', 'mxn', 0, 0),
(141, 55, 'recurring', 1, '2025-07-01', '2026-06-30', '2025-07-01', '2026-06-30', 'mxn', 0, 0),
(142, 62, 'express', 31, '2025-07-01', '2025-07-31', '2025-07-01', '2025-07-31', 'mxn', 0, 0),
(143, 54, 'recurring', 15, '2025-07-15', '2026-07-14', '2025-07-15', '2026-07-14', 'mxn', 0, 0),
(144, 43, 'recurring', 18, '2025-04-18', '2025-09-17', '2025-04-18', '2025-09-17', 'mxn', 0, 0),
(145, 46, 'recurring', 10, '2025-06-10', '2026-01-09', '2025-06-10', '2026-01-09', 'mxn', 0, 0),
(146, 66, 'recurring', 11, '2025-07-01', '2026-06-30', '2025-07-01', '2026-06-30', 'mxn', 0, 0),
(147, 33, 'recurring', 15, '2025-07-15', '2026-01-14', '2025-07-15', '2026-01-14', 'mxn', 0, 0),
(148, 32, 'recurring', 27, '2025-06-27', '2025-09-26', '2025-06-27', '2025-09-26', 'mxn', 0, 0),
(149, 32, 'recurring', 27, '2025-06-27', '2025-09-26', '2025-06-27', '2025-09-26', 'mxn', 0, 0),
(150, 25, 'recurring', 1, '2025-04-01', '2025-10-31', '2025-04-01', '2025-10-31', 'mxn', 0, 0),
(151, 53, 'recurring', 15, '2025-06-15', '2026-06-14', '2025-06-15', '2026-06-14', 'mxn', 0, 0),
(152, 24, 'recurring', 21, '2025-07-21', '2026-07-20', '2025-07-21', '2026-07-20', 'mxn', 0, 0),
(153, 86, 'recurring', 15, '2025-08-15', '2030-08-14', '2025-08-15', '2030-08-14', 'mxn', 0, 0),
(154, 36, 'recurring', 15, '2025-08-15', '2026-08-14', '2025-08-15', '2026-08-14', 'mxn', 0, 0),
(155, 68, 'recurring', 18, '2025-08-18', '2025-11-18', '2025-08-18', '2025-11-18', 'mxn', 0, 0);

--
-- Indexes for dumped tables
--

--
-- Indexes for table `accounts`
--
ALTER TABLE `accounts`
  ADD PRIMARY KEY (`id`),
  ADD KEY `role` (`role`);

--
-- Indexes for table `accounts_roles`
--
ALTER TABLE `accounts_roles`
  ADD PRIMARY KEY (`id`);

--
-- Indexes for table `comments`
--
ALTER TABLE `comments`
  ADD PRIMARY KEY (`id`),
  ADD KEY `account` (`account`),
  ADD KEY `property` (`property`),
  ADD KEY `contract` (`contract`);

--
-- Indexes for table `contracts_contractors`
--
ALTER TABLE `contracts_contractors`
  ADD PRIMARY KEY (`id`),
  ADD KEY `contract` (`contract`);

--
-- Indexes for table `contracts_express_charges`
--
ALTER TABLE `contracts_express_charges`
  ADD PRIMARY KEY (`id`),
  ADD KEY `contract` (`contract`);

--
-- Indexes for table `contracts_folders`
--
ALTER TABLE `contracts_folders`
  ADD PRIMARY KEY (`name`),
  ADD KEY `contract` (`contract`);

--
-- Indexes for table `contracts_folders_files`
--
ALTER TABLE `contracts_folders_files`
  ADD PRIMARY KEY (`id`),
  ADD KEY `folder` (`folder`);

--
-- Indexes for table `contracts_payments`
--
ALTER TABLE `contracts_payments`
  ADD PRIMARY KEY (`id`),
  ADD KEY `contract` (`contract`),
  ADD KEY `recurring` (`recurring`),
  ADD KEY `express` (`express`);

--
-- Indexes for table `contracts_recurring_charges`
--
ALTER TABLE `contracts_recurring_charges`
  ADD PRIMARY KEY (`id`),
  ADD KEY `contract` (`contract`);

--
-- Indexes for table `groups_types`
--
ALTER TABLE `groups_types`
  ADD PRIMARY KEY (`id`);

--
-- Indexes for table `properties`
--
ALTER TABLE `properties`
  ADD PRIMARY KEY (`id`),
  ADD KEY `type` (`type`),
  ADD KEY `status` (`status`),
  ADD KEY `group` (`group`),
  ADD KEY `assignment` (`assignment`);

--
-- Indexes for table `properties_groups`
--
ALTER TABLE `properties_groups`
  ADD PRIMARY KEY (`id`),
  ADD KEY `type` (`type`);

--
-- Indexes for table `properties_status`
--
ALTER TABLE `properties_status`
  ADD PRIMARY KEY (`id`);

--
-- Indexes for table `properties_types`
--
ALTER TABLE `properties_types`
  ADD PRIMARY KEY (`id`);

--
-- Indexes for table `property_contracts`
--
ALTER TABLE `property_contracts`
  ADD PRIMARY KEY (`id`),
  ADD KEY `property` (`property`);

--
-- AUTO_INCREMENT for dumped tables
--

--
-- AUTO_INCREMENT for table `accounts`
--
ALTER TABLE `accounts`
  MODIFY `id` smallint(5) UNSIGNED NOT NULL AUTO_INCREMENT, AUTO_INCREMENT=6;

--
-- AUTO_INCREMENT for table `accounts_roles`
--
ALTER TABLE `accounts_roles`
  MODIFY `id` tinyint(3) UNSIGNED NOT NULL AUTO_INCREMENT, AUTO_INCREMENT=6;

--
-- AUTO_INCREMENT for table `comments`
--
ALTER TABLE `comments`
  MODIFY `id` bigint(20) UNSIGNED NOT NULL AUTO_INCREMENT;

--
-- AUTO_INCREMENT for table `contracts_contractors`
--
ALTER TABLE `contracts_contractors`
  MODIFY `id` mediumint(8) UNSIGNED NOT NULL AUTO_INCREMENT, AUTO_INCREMENT=139;

--
-- AUTO_INCREMENT for table `contracts_express_charges`
--
ALTER TABLE `contracts_express_charges`
  MODIFY `id` int(10) UNSIGNED NOT NULL AUTO_INCREMENT, AUTO_INCREMENT=13;

--
-- AUTO_INCREMENT for table `contracts_payments`
--
ALTER TABLE `contracts_payments`
  MODIFY `id` int(10) UNSIGNED NOT NULL AUTO_INCREMENT, AUTO_INCREMENT=1492;

--
-- AUTO_INCREMENT for table `contracts_recurring_charges`
--
ALTER TABLE `contracts_recurring_charges`
  MODIFY `id` int(10) UNSIGNED NOT NULL AUTO_INCREMENT, AUTO_INCREMENT=276;

--
-- AUTO_INCREMENT for table `groups_types`
--
ALTER TABLE `groups_types`
  MODIFY `id` tinyint(3) UNSIGNED NOT NULL AUTO_INCREMENT, AUTO_INCREMENT=8;

--
-- AUTO_INCREMENT for table `properties`
--
ALTER TABLE `properties`
  MODIFY `id` smallint(5) UNSIGNED NOT NULL AUTO_INCREMENT, AUTO_INCREMENT=87;

--
-- AUTO_INCREMENT for table `properties_groups`
--
ALTER TABLE `properties_groups`
  MODIFY `id` smallint(5) UNSIGNED NOT NULL AUTO_INCREMENT, AUTO_INCREMENT=12;

--
-- AUTO_INCREMENT for table `properties_status`
--
ALTER TABLE `properties_status`
  MODIFY `id` tinyint(3) UNSIGNED NOT NULL AUTO_INCREMENT, AUTO_INCREMENT=7;

--
-- AUTO_INCREMENT for table `properties_types`
--
ALTER TABLE `properties_types`
  MODIFY `id` tinyint(3) UNSIGNED NOT NULL AUTO_INCREMENT, AUTO_INCREMENT=6;

--
-- AUTO_INCREMENT for table `property_contracts`
--
ALTER TABLE `property_contracts`
  MODIFY `id` mediumint(8) UNSIGNED NOT NULL AUTO_INCREMENT, AUTO_INCREMENT=156;

--
-- Constraints for dumped tables
--

--
-- Constraints for table `accounts`
--
ALTER TABLE `accounts`
  ADD CONSTRAINT `accounts_ibfk_1` FOREIGN KEY (`role`) REFERENCES `accounts_roles` (`id`);

--
-- Constraints for table `comments`
--
ALTER TABLE `comments`
  ADD CONSTRAINT `comments_ibfk_1` FOREIGN KEY (`account`) REFERENCES `accounts` (`id`),
  ADD CONSTRAINT `comments_ibfk_2` FOREIGN KEY (`property`) REFERENCES `properties` (`id`),
  ADD CONSTRAINT `comments_ibfk_3` FOREIGN KEY (`contract`) REFERENCES `property_contracts` (`id`);

--
-- Constraints for table `contracts_contractors`
--
ALTER TABLE `contracts_contractors`
  ADD CONSTRAINT `contracts_contractors_ibfk_1` FOREIGN KEY (`contract`) REFERENCES `property_contracts` (`id`);

--
-- Constraints for table `contracts_express_charges`
--
ALTER TABLE `contracts_express_charges`
  ADD CONSTRAINT `contracts_express_charges_ibfk_1` FOREIGN KEY (`contract`) REFERENCES `property_contracts` (`id`);

--
-- Constraints for table `contracts_folders`
--
ALTER TABLE `contracts_folders`
  ADD CONSTRAINT `contracts_folders_ibfk_1` FOREIGN KEY (`contract`) REFERENCES `property_contracts` (`id`);

--
-- Constraints for table `contracts_folders_files`
--
ALTER TABLE `contracts_folders_files`
  ADD CONSTRAINT `contracts_folders_files_ibfk_1` FOREIGN KEY (`folder`) REFERENCES `contracts_folders` (`name`);

--
-- Constraints for table `contracts_payments`
--
ALTER TABLE `contracts_payments`
  ADD CONSTRAINT `contracts_payments_ibfk_1` FOREIGN KEY (`contract`) REFERENCES `property_contracts` (`id`);

--
-- Constraints for table `contracts_recurring_charges`
--
ALTER TABLE `contracts_recurring_charges`
  ADD CONSTRAINT `contracts_recurring_charges_ibfk_1` FOREIGN KEY (`contract`) REFERENCES `property_contracts` (`id`);

--
-- Constraints for table `properties`
--
ALTER TABLE `properties`
  ADD CONSTRAINT `properties_ibfk_1` FOREIGN KEY (`type`) REFERENCES `properties_types` (`id`),
  ADD CONSTRAINT `properties_ibfk_2` FOREIGN KEY (`status`) REFERENCES `properties_status` (`id`),
  ADD CONSTRAINT `properties_ibfk_3` FOREIGN KEY (`group`) REFERENCES `properties_groups` (`id`);

--
-- Constraints for table `properties_groups`
--
ALTER TABLE `properties_groups`
  ADD CONSTRAINT `properties_groups_ibfk_1` FOREIGN KEY (`type`) REFERENCES `groups_types` (`id`);

--
-- Constraints for table `property_contracts`
--
ALTER TABLE `property_contracts`
  ADD CONSTRAINT `property_contracts_ibfk_1` FOREIGN KEY (`property`) REFERENCES `properties` (`id`);
COMMIT;

/*!40101 SET CHARACTER_SET_CLIENT=@OLD_CHARACTER_SET_CLIENT */;
/*!40101 SET CHARACTER_SET_RESULTS=@OLD_CHARACTER_SET_RESULTS */;
/*!40101 SET COLLATION_CONNECTION=@OLD_COLLATION_CONNECTION */;
